Date,Date_Num,GDP_Change_PC,GDP,DXY,UNRATE,PAYEMS,CPIAUCSL,FEDFUNDS
1/25/1993,1,0.73%,6729.5,92.36,7.30,109794,3.25,3.02
2/1/1993,8,0.73%,6729.5,93.56,7.10,110044,3.25,3.03
2/8/1993,15,0.73%,6729.5,93.56,7.10,110044,3.25,3.03
2/15/1993,22,0.73%,6729.5,93.56,7.10,110044,3.25,3.03
2/22/1993,29,0.73%,6729.5,93.56,7.10,110044,3.25,3.03
3/1/1993,36,0.73%,6729.5,94.18,7.00,109992,3.02,3.07
3/8/1993,43,0.73%,6729.5,94.18,7.00,109992,3.02,3.07
3/15/1993,50,0.73%,6729.5,94.18,7.00,109992,3.02,3.07
3/22/1993,57,0.73%,6729.5,94.18,7.00,109992,3.02,3.07
3/29/1993,64,0.73%,6729.5,94.18,7.00,109992,3.02,3.07
4/5/1993,71,1.18%,6808.9,91.10,7.10,110295,3.16,2.96
4/12/1993,78,1.18%,6808.9,91.10,7.10,110295,3.16,2.96
4/19/1993,85,1.18%,6808.9,91.10,7.10,110295,3.16,2.96
4/26/1993,92,1.18%,6808.9,91.10,7.10,110295,3.16,2.96
5/3/1993,99,1.18%,6808.9,89.32,7.10,110570,3.22,3.00
5/10/1993,106,1.18%,6808.9,89.32,7.10,110570,3.22,3.00
5/17/1993,113,1.18%,6808.9,89.32,7.10,110570,3.22,3.00
5/24/1993,120,1.18%,6808.9,89.32,7.10,110570,3.22,3.00
5/31/1993,127,1.18%,6808.9,89.32,7.10,110570,3.22,3.00
6/7/1993,134,1.18%,6808.9,89.02,7.00,110751,3.00,3.04
6/14/1993,141,1.18%,6808.9,89.02,7.00,110751,3.00,3.04
6/21/1993,148,1.18%,6808.9,89.02,7.00,110751,3.00,3.04
6/28/1993,155,1.18%,6808.9,89.02,7.00,110751,3.00,3.04
7/5/1993,162,1.08%,6882.1,93.19,6.90,111060,2.85,3.06
7/12/1993,169,1.08%,6882.1,93.19,6.90,111060,2.85,3.06
7/19/1993,176,1.08%,6882.1,93.19,6.90,111060,2.85,3.06
7/26/1993,183,1.08%,6882.1,93.19,6.90,111060,2.85,3.06
8/2/1993,190,1.08%,6882.1,94.63,6.80,111209,2.84,3.03
8/9/1993,197,1.08%,6882.1,94.63,6.80,111209,2.84,3.03
8/16/1993,204,1.08%,6882.1,94.63,6.80,111209,2.84,3.03
8/23/1993,211,1.08%,6882.1,94.63,6.80,111209,2.84,3.03
8/30/1993,218,1.08%,6882.1,94.63,6.80,111209,2.84,3.03
9/6/1993,225,1.08%,6882.1,93.51,6.70,111455,2.76,3.09
9/13/1993,232,1.08%,6882.1,93.51,6.70,111455,2.76,3.09
9/20/1993,239,1.08%,6882.1,93.51,6.70,111455,2.76,3.09
9/27/1993,246,1.08%,6882.1,93.51,6.70,111455,2.76,3.09
10/4/1993,253,1.91%,7013.7,92.69,6.80,111733,2.75,2.99
10/11/1993,260,1.91%,7013.7,92.69,6.80,111733,2.75,2.99
10/18/1993,267,1.91%,7013.7,92.69,6.80,111733,2.75,2.99
10/25/1993,274,1.91%,7013.7,92.69,6.80,111733,2.75,2.99
11/1/1993,281,1.91%,7013.7,95.28,6.60,111989,2.74,3.02
11/8/1993,288,1.91%,7013.7,95.28,6.60,111989,2.74,3.02
11/15/1993,295,1.91%,7013.7,95.28,6.60,111989,2.74,3.02
11/22/1993,302,1.91%,7013.7,95.28,6.60,111989,2.74,3.02
11/29/1993,309,1.91%,7013.7,95.28,6.60,111989,2.74,3.02
12/6/1993,316,1.91%,7013.7,96.47,6.50,112323,2.81,2.96
12/13/1993,323,1.91%,7013.7,96.47,6.50,112323,2.81,2.96
12/20/1993,330,1.91%,7013.7,96.47,6.50,112323,2.81,2.96
12/27/1993,337,1.91%,7013.7,96.47,6.50,112323,2.81,2.96
1/3/1994,344,1.45%,7115.7,96.97,6.60,112598,2.45,3.05
1/10/1994,351,1.45%,7115.7,96.97,6.60,112598,2.45,3.05
1/17/1994,358,1.45%,7115.7,96.97,6.60,112598,2.45,3.05
1/24/1994,365,1.45%,7115.7,96.97,6.60,112598,2.45,3.05
1/31/1994,372,1.45%,7115.7,96.97,6.60,112598,2.45,3.05
2/7/1994,379,1.45%,7115.7,95.52,6.60,112779,2.52,3.25
2/14/1994,386,1.45%,7115.7,95.52,6.60,112779,2.52,3.25
2/21/1994,393,1.45%,7115.7,95.52,6.60,112779,2.52,3.25
2/28/1994,400,1.45%,7115.7,95.52,6.60,112779,2.52,3.25
3/7/1994,407,1.45%,7115.7,94.77,6.50,113240,2.65,3.34
3/14/1994,414,1.45%,7115.7,94.77,6.50,113240,2.65,3.34
3/21/1994,421,1.45%,7115.7,94.77,6.50,113240,2.65,3.34
3/28/1994,428,1.45%,7115.7,94.77,6.50,113240,2.65,3.34
4/4/1994,435,1.84%,7246.9,94.31,6.40,113587,2.36,3.56
4/11/1994,442,1.84%,7246.9,94.31,6.40,113587,2.36,3.56
4/18/1994,449,1.84%,7246.9,94.31,6.40,113587,2.36,3.56
4/25/1994,456,1.84%,7246.9,94.31,6.40,113587,2.36,3.56
5/2/1994,463,1.84%,7246.9,92.06,6.10,113923,2.29,4.01
5/9/1994,470,1.84%,7246.9,92.06,6.10,113923,2.29,4.01
5/16/1994,477,1.84%,7246.9,92.06,6.10,113923,2.29,4.01
5/23/1994,484,1.84%,7246.9,92.06,6.10,113923,2.29,4.01
5/30/1994,491,1.84%,7246.9,92.06,6.10,113923,2.29,4.01
6/6/1994,498,1.84%,7246.9,92.44,6.10,114237,2.49,4.25
6/13/1994,505,1.84%,7246.9,92.44,6.10,114237,2.49,4.25
6/20/1994,512,1.84%,7246.9,92.44,6.10,114237,2.49,4.25
6/27/1994,519,1.84%,7246.9,92.44,6.10,114237,2.49,4.25
7/4/1994,526,1.16%,7331.1,89.92,6.10,114607,2.70,4.26
7/11/1994,533,1.16%,7331.1,89.92,6.10,114607,2.70,4.26
7/18/1994,540,1.16%,7331.1,89.92,6.10,114607,2.70,4.26
7/25/1994,547,1.16%,7331.1,89.92,6.10,114607,2.70,4.26
8/1/1994,554,1.16%,7331.1,89.56,6.00,114899,2.90,4.47
8/8/1994,561,1.16%,7331.1,89.56,6.00,114899,2.90,4.47
8/15/1994,568,1.16%,7331.1,89.56,6.00,114899,2.90,4.47
8/22/1994,575,1.16%,7331.1,89.56,6.00,114899,2.90,4.47
8/29/1994,582,1.16%,7331.1,89.56,6.00,114899,2.90,4.47
9/5/1994,589,1.16%,7331.1,89.35,5.90,115254,2.97,4.73
9/12/1994,596,1.16%,7331.1,89.35,5.90,115254,2.97,4.73
9/19/1994,603,1.16%,7331.1,89.35,5.90,115254,2.97,4.73
9/26/1994,610,1.16%,7331.1,89.35,5.90,115254,2.97,4.73
10/3/1994,617,1.69%,7455.3,88.02,5.80,115457,2.61,4.76
10/10/1994,624,1.69%,7455.3,88.02,5.80,115457,2.61,4.76
10/17/1994,631,1.69%,7455.3,88.02,5.80,115457,2.61,4.76
10/24/1994,638,1.69%,7455.3,88.02,5.80,115457,2.61,4.76
10/31/1994,645,1.69%,7455.3,88.02,5.80,115457,2.61,4.76
11/7/1994,652,1.69%,7455.3,85.50,5.60,115872,2.60,5.29
11/14/1994,659,1.69%,7455.3,85.50,5.60,115872,2.60,5.29
11/21/1994,666,1.69%,7455.3,85.50,5.60,115872,2.60,5.29
11/28/1994,673,1.69%,7455.3,85.50,5.60,115872,2.60,5.29
12/5/1994,680,1.69%,7455.3,89.25,5.50,116174,2.60,5.45
12/12/1994,687,1.69%,7455.3,89.25,5.50,116174,2.60,5.45
12/19/1994,694,1.69%,7455.3,89.25,5.50,116174,2.60,5.45
12/26/1994,701,1.69%,7455.3,89.25,5.50,116174,2.60,5.45
1/2/1995,708,0.90%,7522.3,88.73,5.60,116504,2.87,5.53
1/9/1995,715,0.90%,7522.3,88.73,5.60,116504,2.87,5.53
1/16/1995,722,0.90%,7522.3,88.73,5.60,116504,2.87,5.53
1/23/1995,729,0.90%,7522.3,88.73,5.60,116504,2.87,5.53
1/30/1995,736,0.90%,7522.3,88.73,5.60,116504,2.87,5.53
2/6/1995,743,0.90%,7522.3,87.78,5.40,116692,2.86,5.92
2/13/1995,750,0.90%,7522.3,87.78,5.40,116692,2.86,5.92
2/20/1995,757,0.90%,7522.3,87.78,5.40,116692,2.86,5.92
2/27/1995,764,0.90%,7522.3,87.78,5.40,116692,2.86,5.92
3/6/1995,771,0.90%,7522.3,85.98,5.40,116907,2.79,5.98
3/13/1995,778,0.90%,7522.3,85.98,5.40,116907,2.79,5.98
3/20/1995,785,0.90%,7522.3,85.98,5.40,116907,2.79,5.98
3/27/1995,792,0.90%,7522.3,85.98,5.40,116907,2.79,5.98
4/3/1995,799,0.78%,7581,81.88,5.80,117065,3.13,6.05
4/10/1995,806,0.78%,7581,81.88,5.80,117065,3.13,6.05
4/17/1995,813,0.78%,7581,81.88,5.80,117065,3.13,6.05
4/24/1995,820,0.78%,7581,81.88,5.80,117065,3.13,6.05
5/1/1995,827,0.78%,7581,81.75,5.60,117050,3.12,6.01
5/8/1995,834,0.78%,7581,81.75,5.60,117050,3.12,6.01
5/15/1995,841,0.78%,7581,81.75,5.60,117050,3.12,6.01
5/22/1995,848,0.78%,7581,81.75,5.60,117050,3.12,6.01
5/29/1995,855,0.78%,7581,81.75,5.60,117050,3.12,6.01
6/5/1995,862,0.78%,7581,82.54,5.60,117285,3.04,6.00
6/12/1995,869,0.78%,7581,82.54,5.60,117285,3.04,6.00
6/19/1995,876,0.78%,7581,82.54,5.60,117285,3.04,6.00
6/26/1995,883,0.78%,7581,82.54,5.60,117285,3.04,6.00
7/3/1995,890,1.35%,7683.1,81.57,5.70,117377,2.83,5.85
7/10/1995,897,1.35%,7683.1,81.57,5.70,117377,2.83,5.85
7/17/1995,904,1.35%,7683.1,81.57,5.70,117377,2.83,5.85
7/24/1995,911,1.35%,7683.1,81.57,5.70,117377,2.83,5.85
7/31/1995,918,1.35%,7683.1,81.57,5.70,117377,2.83,5.85
8/7/1995,925,1.35%,7683.1,81.16,5.70,117639,2.62,5.74
8/14/1995,932,1.35%,7683.1,81.16,5.70,117639,2.62,5.74
8/21/1995,939,1.35%,7683.1,81.16,5.70,117639,2.62,5.74
8/28/1995,946,1.35%,7683.1,81.16,5.70,117639,2.62,5.74
9/4/1995,953,1.35%,7683.1,85.47,5.60,117880,2.55,5.80
9/11/1995,960,1.35%,7683.1,85.47,5.60,117880,2.55,5.80
9/18/1995,967,1.35%,7683.1,85.47,5.60,117880,2.55,5.80
9/25/1995,974,1.35%,7683.1,85.47,5.60,117880,2.55,5.80
10/2/1995,981,1.16%,7772.6,84.29,5.50,118029,2.74,5.76
10/9/1995,988,1.16%,7772.6,84.29,5.50,118029,2.74,5.76
10/16/1995,995,1.16%,7772.6,84.29,5.50,118029,2.74,5.76
10/23/1995,1002,1.16%,7772.6,84.29,5.50,118029,2.74,5.76
10/30/1995,1009,1.16%,7772.6,84.29,5.50,118029,2.74,5.76
11/6/1995,1016,1.16%,7772.6,84.03,5.60,118168,2.60,5.80
11/13/1995,1023,1.16%,7772.6,84.03,5.60,118168,2.60,5.80
11/20/1995,1030,1.16%,7772.6,84.03,5.60,118168,2.60,5.80
11/27/1995,1037,1.16%,7772.6,84.03,5.60,118168,2.60,5.80
12/4/1995,1044,1.16%,7772.6,85.16,5.60,118325,2.53,5.60
12/11/1995,1051,1.16%,7772.6,85.16,5.60,118325,2.53,5.60
12/18/1995,1058,1.16%,7772.6,85.16,5.60,118325,2.53,5.60
12/25/1995,1065,1.16%,7772.6,85.16,5.60,118325,2.53,5.60
1/1/1996,1072,1.23%,7868.5,84.76,5.60,118318,2.79,5.56
1/8/1996,1079,1.23%,7868.5,84.76,5.60,118318,2.79,5.56
1/15/1996,1086,1.23%,7868.5,84.76,5.60,118318,2.79,5.56
1/22/1996,1093,1.23%,7868.5,84.76,5.60,118318,2.79,5.56
1/29/1996,1100,1.23%,7868.5,84.76,5.60,118318,2.79,5.56
2/5/1996,1107,1.23%,7868.5,87.18,5.50,118734,2.72,5.22
2/12/1996,1114,1.23%,7868.5,87.18,5.50,118734,2.72,5.22
2/19/1996,1121,1.23%,7868.5,87.18,5.50,118734,2.72,5.22
2/26/1996,1128,1.23%,7868.5,87.18,5.50,118734,2.72,5.22
3/4/1996,1135,1.23%,7868.5,86.53,5.50,118990,2.84,5.31
3/11/1996,1142,1.23%,7868.5,86.53,5.50,118990,2.84,5.31
3/18/1996,1149,1.23%,7868.5,86.53,5.50,118990,2.84,5.31
3/25/1996,1156,1.23%,7868.5,86.53,5.50,118990,2.84,5.31
4/1/1996,1163,2.09%,8032.8,86.71,5.60,119156,2.83,5.22
4/8/1996,1170,2.09%,8032.8,86.71,5.60,119156,2.83,5.22
4/15/1996,1177,2.09%,8032.8,86.71,5.60,119156,2.83,5.22
4/22/1996,1184,2.09%,8032.8,86.71,5.60,119156,2.83,5.22
4/29/1996,1191,2.09%,8032.8,86.71,5.60,119156,2.83,5.22
5/6/1996,1198,2.09%,8032.8,88.33,5.60,119489,2.83,5.24
5/13/1996,1205,2.09%,8032.8,88.33,5.60,119489,2.83,5.24
5/20/1996,1212,2.09%,8032.8,88.33,5.60,119489,2.83,5.24
5/27/1996,1219,2.09%,8032.8,88.33,5.60,119489,2.83,5.24
6/3/1996,1226,2.09%,8032.8,87.96,5.30,119770,2.82,5.27
6/10/1996,1233,2.09%,8032.8,87.96,5.30,119770,2.82,5.27
6/17/1996,1240,2.09%,8032.8,87.96,5.30,119770,2.82,5.27
6/24/1996,1247,2.09%,8032.8,87.96,5.30,119770,2.82,5.27
7/1/1996,1254,1.23%,8131.4,87.78,5.50,120015,2.88,5.40
7/8/1996,1261,1.23%,8131.4,87.78,5.50,120015,2.88,5.40
7/15/1996,1268,1.23%,8131.4,87.78,5.50,120015,2.88,5.40
7/22/1996,1275,1.23%,8131.4,87.78,5.50,120015,2.88,5.40
7/29/1996,1282,1.23%,8131.4,87.78,5.50,120015,2.88,5.40
8/5/1996,1289,1.23%,8131.4,86.10,5.10,120201,2.81,5.22
8/12/1996,1296,1.23%,8131.4,86.10,5.10,120201,2.81,5.22
8/19/1996,1303,1.23%,8131.4,86.10,5.10,120201,2.81,5.22
8/26/1996,1310,1.23%,8131.4,86.10,5.10,120201,2.81,5.22
9/2/1996,1317,1.23%,8131.4,86.48,5.20,120402,3.00,5.30
9/9/1996,1324,1.23%,8131.4,86.48,5.20,120402,3.00,5.30
9/16/1996,1331,1.23%,8131.4,86.48,5.20,120402,3.00,5.30
9/23/1996,1338,1.23%,8131.4,86.48,5.20,120402,3.00,5.30
9/30/1996,1345,1.23%,8131.4,86.48,5.20,120402,3.00,5.30
10/7/1996,1352,1.58%,8259.8,87.94,5.20,120663,3.06,5.24
10/14/1996,1359,1.58%,8259.8,87.94,5.20,120663,3.06,5.24
10/21/1996,1366,1.58%,8259.8,87.94,5.20,120663,3.06,5.24
10/28/1996,1373,1.58%,8259.8,87.94,5.20,120663,3.06,5.24
11/4/1996,1380,1.58%,8259.8,87.18,5.40,120949,3.25,5.31
11/11/1996,1387,1.58%,8259.8,87.18,5.40,120949,3.25,5.31
11/18/1996,1394,1.58%,8259.8,87.18,5.40,120949,3.25,5.31
11/25/1996,1401,1.58%,8259.8,87.18,5.40,120949,3.25,5.31
12/2/1996,1408,1.58%,8259.8,88.60,5.40,121145,3.38,5.29
12/9/1996,1415,1.58%,8259.8,88.60,5.40,121145,3.38,5.29
12/16/1996,1422,1.58%,8259.8,88.60,5.40,121145,3.38,5.29
12/23/1996,1429,1.58%,8259.8,88.60,5.40,121145,3.38,5.29
12/30/1996,1436,1.58%,8259.8,88.60,5.40,121145,3.38,5.29
1/6/1997,1443,1.25%,8362.7,88.18,5.30,121363,3.04,5.25
1/13/1997,1450,1.25%,8362.7,88.18,5.30,121363,3.04,5.25
1/20/1997,1457,1.25%,8362.7,88.18,5.30,121363,3.04,5.25
1/27/1997,1464,1.25%,8362.7,88.18,5.30,121363,3.04,5.25
2/3/1997,1471,1.25%,8362.7,93.09,5.20,121675,3.03,5.19
2/10/1997,1478,1.25%,8362.7,93.09,5.20,121675,3.03,5.19
2/17/1997,1485,1.25%,8362.7,93.09,5.20,121675,3.03,5.19
2/24/1997,1492,1.25%,8362.7,93.09,5.20,121675,3.03,5.19
3/3/1997,1499,1.25%,8362.7,95.39,5.20,121989,2.77,5.39
3/10/1997,1506,1.25%,8362.7,95.39,5.20,121989,2.77,5.39
3/17/1997,1513,1.25%,8362.7,95.39,5.20,121989,2.77,5.39
3/24/1997,1520,1.25%,8362.7,95.39,5.20,121989,2.77,5.39
3/31/1997,1527,1.25%,8362.7,95.39,5.20,121989,2.77,5.39
4/7/1997,1534,1.87%,8518.8,94.09,5.10,122284,2.43,5.51
4/14/1997,1541,1.87%,8518.8,94.09,5.10,122284,2.43,5.51
4/21/1997,1548,1.87%,8518.8,94.09,5.10,122284,2.43,5.51
4/28/1997,1555,1.87%,8518.8,94.09,5.10,122284,2.43,5.51
5/5/1997,1562,1.87%,8518.8,96.81,4.90,122551,2.24,5.50
5/12/1997,1569,1.87%,8518.8,96.81,4.90,122551,2.24,5.50
5/19/1997,1576,1.87%,8518.8,96.81,4.90,122551,2.24,5.50
5/26/1997,1583,1.87%,8518.8,96.81,4.90,122551,2.24,5.50
6/2/1997,1590,1.87%,8518.8,95.73,5.00,122816,2.23,5.56
6/9/1997,1597,1.87%,8518.8,95.73,5.00,122816,2.23,5.56
6/16/1997,1604,1.87%,8518.8,95.73,5.00,122816,2.23,5.56
6/23/1997,1611,1.87%,8518.8,95.73,5.00,122816,2.23,5.56
6/30/1997,1618,1.87%,8518.8,95.73,5.00,122816,2.23,5.56
7/7/1997,1625,1.69%,8662.8,95.85,4.90,123112,2.17,5.52
7/14/1997,1632,1.69%,8662.8,95.85,4.90,123112,2.17,5.52
7/21/1997,1639,1.69%,8662.8,95.85,4.90,123112,2.17,5.52
7/28/1997,1646,1.69%,8662.8,95.85,4.90,123112,2.17,5.52
8/4/1997,1653,1.69%,8662.8,100.42,4.80,123092,2.29,5.54
8/11/1997,1660,1.69%,8662.8,100.42,4.80,123092,2.29,5.54
8/18/1997,1667,1.69%,8662.8,100.42,4.80,123092,2.29,5.54
8/25/1997,1674,1.69%,8662.8,100.42,4.80,123092,2.29,5.54
9/1/1997,1681,1.69%,8662.8,99.00,4.90,123577,2.22,5.54
9/8/1997,1688,1.69%,8662.8,99.00,4.90,123577,2.22,5.54
9/15/1997,1695,1.69%,8662.8,99.00,4.90,123577,2.22,5.54
9/22/1997,1702,1.69%,8662.8,99.00,4.90,123577,2.22,5.54
9/29/1997,1709,1.69%,8662.8,99.00,4.90,123577,2.22,5.54
10/6/1997,1716,1.19%,8765.9,97.60,4.70,123924,2.09,5.50
10/13/1997,1723,1.19%,8765.9,97.60,4.70,123924,2.09,5.50
10/20/1997,1730,1.19%,8765.9,97.60,4.70,123924,2.09,5.50
10/27/1997,1737,1.19%,8765.9,97.60,4.70,123924,2.09,5.50
11/3/1997,1744,1.19%,8765.9,96.07,4.60,124229,1.89,5.52
11/10/1997,1751,1.19%,8765.9,96.07,4.60,124229,1.89,5.52
11/17/1997,1758,1.19%,8765.9,96.07,4.60,124229,1.89,5.52
11/24/1997,1765,1.19%,8765.9,96.07,4.60,124229,1.89,5.52
12/1/1997,1772,1.19%,8765.9,98.40,4.70,124551,1.70,5.50
12/8/1997,1779,1.19%,8765.9,98.40,4.70,124551,1.70,5.50
12/15/1997,1786,1.19%,8765.9,98.40,4.70,124551,1.70,5.50
12/22/1997,1793,1.19%,8765.9,98.40,4.70,124551,1.70,5.50
12/29/1997,1800,1.19%,8765.9,98.40,4.70,124551,1.70,5.50
1/5/1998,1807,1.15%,8866.5,99.65,4.60,124813,1.63,5.56
1/12/1998,1814,1.15%,8866.5,99.65,4.60,124813,1.63,5.56
1/19/1998,1821,1.15%,8866.5,99.65,4.60,124813,1.63,5.56
1/26/1998,1828,1.15%,8866.5,99.65,4.60,124813,1.63,5.56
2/2/1998,1835,1.15%,8866.5,100.27,4.60,125019,1.44,5.51
2/9/1998,1842,1.15%,8866.5,100.27,4.60,125019,1.44,5.51
2/16/1998,1849,1.15%,8866.5,100.27,4.60,125019,1.44,5.51
2/23/1998,1856,1.15%,8866.5,100.27,4.60,125019,1.44,5.51
3/2/1998,1863,1.15%,8866.5,99.58,4.70,125164,1.38,5.49
3/9/1998,1870,1.15%,8866.5,99.58,4.70,125164,1.38,5.49
3/16/1998,1877,1.15%,8866.5,99.58,4.70,125164,1.38,5.49
3/23/1998,1884,1.15%,8866.5,99.58,4.70,125164,1.38,5.49
3/30/1998,1891,1.15%,8866.5,99.58,4.70,125164,1.38,5.49
4/6/1998,1898,1.16%,8969.7,101.71,4.30,125447,1.44,5.45
4/13/1998,1905,1.16%,8969.7,101.71,4.30,125447,1.44,5.45
4/20/1998,1912,1.16%,8969.7,101.71,4.30,125447,1.44,5.45
4/27/1998,1919,1.16%,8969.7,101.71,4.30,125447,1.44,5.45
5/4/1998,1926,1.16%,8969.7,99.22,4.40,125847,1.69,5.49
5/11/1998,1933,1.16%,8969.7,99.22,4.40,125847,1.69,5.49
5/18/1998,1940,1.16%,8969.7,99.22,4.40,125847,1.69,5.49
5/25/1998,1947,1.16%,8969.7,99.22,4.40,125847,1.69,5.49
6/1/1998,1954,1.16%,8969.7,100.19,4.50,126078,1.62,5.56
6/8/1998,1961,1.16%,8969.7,100.19,4.50,126078,1.62,5.56
6/15/1998,1968,1.16%,8969.7,100.19,4.50,126078,1.62,5.56
6/22/1998,1975,1.16%,8969.7,100.19,4.50,126078,1.62,5.56
6/29/1998,1982,1.16%,8969.7,100.19,4.50,126078,1.62,5.56
7/6/1998,1989,1.69%,9121.1,101.46,4.50,126208,1.75,5.54
7/13/1998,1996,1.69%,9121.1,101.46,4.50,126208,1.75,5.54
7/20/1998,2003,1.69%,9121.1,101.46,4.50,126208,1.75,5.54
7/27/1998,2010,1.69%,9121.1,101.46,4.50,126208,1.75,5.54
8/3/1998,2017,1.69%,9121.1,101.65,4.50,126547,1.62,5.55
8/10/1998,2024,1.69%,9121.1,101.65,4.50,126547,1.62,5.55
8/17/1998,2031,1.69%,9121.1,101.65,4.50,126547,1.62,5.55
8/24/1998,2038,1.69%,9121.1,101.65,4.50,126547,1.62,5.55
8/31/1998,2045,1.69%,9121.1,101.65,4.50,126547,1.62,5.55
9/7/1998,2052,1.69%,9121.1,99.19,4.60,126745,1.43,5.51
9/14/1998,2059,1.69%,9121.1,99.19,4.60,126745,1.43,5.51
9/21/1998,2066,1.69%,9121.1,99.19,4.60,126745,1.43,5.51
9/28/1998,2073,1.69%,9121.1,99.19,4.60,126745,1.43,5.51
10/5/1998,2080,1.90%,9294,95.36,4.50,126950,1.49,5.07
10/12/1998,2087,1.90%,9294,95.36,4.50,126950,1.49,5.07
10/19/1998,2094,1.90%,9294,95.36,4.50,126950,1.49,5.07
10/26/1998,2101,1.90%,9294,95.36,4.50,126950,1.49,5.07
11/2/1998,2108,1.90%,9294,93.56,4.40,127224,1.48,4.83
11/9/1998,2115,1.90%,9294,93.56,4.40,127224,1.48,4.83
11/16/1998,2122,1.90%,9294,93.56,4.40,127224,1.48,4.83
11/23/1998,2129,1.90%,9294,93.56,4.40,127224,1.48,4.83
11/30/1998,2136,1.90%,9294,93.56,4.40,127224,1.48,4.83
12/7/1998,2143,1.90%,9294,95.59,4.40,127599,1.61,4.68
12/14/1998,2150,1.90%,9294,95.59,4.40,127599,1.61,4.68
12/21/1998,2157,1.90%,9294,95.59,4.40,127599,1.61,4.68
12/28/1998,2164,1.90%,9294,95.59,4.40,127599,1.61,4.68
1/4/1999,2171,1.27%,9411.7,94.17,4.30,127704,1.67,4.63
1/11/1999,2178,1.27%,9411.7,94.17,4.30,127704,1.67,4.63
1/18/1999,2185,1.27%,9411.7,94.17,4.30,127704,1.67,4.63
1/25/1999,2192,1.27%,9411.7,94.17,4.30,127704,1.67,4.63
2/1/1999,2199,1.27%,9411.7,96.23,4.40,128118,1.67,4.76
2/8/1999,2206,1.27%,9411.7,96.23,4.40,128118,1.67,4.76
2/15/1999,2213,1.27%,9411.7,96.23,4.40,128118,1.67,4.76
2/22/1999,2220,1.27%,9411.7,96.23,4.40,128118,1.67,4.76
3/1/1999,2227,1.27%,9411.7,99.56,4.20,128234,1.73,4.81
3/8/1999,2234,1.27%,9411.7,99.56,4.20,128234,1.73,4.81
3/15/1999,2241,1.27%,9411.7,99.56,4.20,128234,1.73,4.81
3/22/1999,2248,1.27%,9411.7,99.56,4.20,128234,1.73,4.81
3/29/1999,2255,1.27%,9411.7,99.56,4.20,128234,1.73,4.81
4/5/1999,2262,1.22%,9526.2,100.09,4.30,128598,2.28,4.74
4/12/1999,2269,1.22%,9526.2,100.09,4.30,128598,2.28,4.74
4/19/1999,2276,1.22%,9526.2,100.09,4.30,128598,2.28,4.74
4/26/1999,2283,1.22%,9526.2,100.09,4.30,128598,2.28,4.74
5/3/1999,2290,1.22%,9526.2,101.11,4.20,128810,2.09,4.74
5/10/1999,2297,1.22%,9526.2,101.11,4.20,128810,2.09,4.74
5/17/1999,2304,1.22%,9526.2,101.11,4.20,128810,2.09,4.74
5/24/1999,2311,1.22%,9526.2,101.11,4.20,128810,2.09,4.74
5/31/1999,2318,1.22%,9526.2,101.11,4.20,128810,2.09,4.74
6/7/1999,2325,1.22%,9526.2,102.07,4.30,129088,1.97,4.76
6/14/1999,2332,1.22%,9526.2,102.07,4.30,129088,1.97,4.76
6/21/1999,2339,1.22%,9526.2,102.07,4.30,129088,1.97,4.76
6/28/1999,2346,1.22%,9526.2,102.07,4.30,129088,1.97,4.76
7/5/1999,2353,1.68%,9686.6,103.66,4.30,129422,2.14,4.99
7/12/1999,2360,1.68%,9686.6,103.66,4.30,129422,2.14,4.99
7/19/1999,2367,1.68%,9686.6,103.66,4.30,129422,2.14,4.99
7/26/1999,2374,1.68%,9686.6,103.66,4.30,129422,2.14,4.99
8/2/1999,2381,1.68%,9686.6,99.84,4.20,129569,2.26,5.07
8/9/1999,2388,1.68%,9686.6,99.84,4.20,129569,2.26,5.07
8/16/1999,2395,1.68%,9686.6,99.84,4.20,129569,2.26,5.07
8/23/1999,2402,1.68%,9686.6,99.84,4.20,129569,2.26,5.07
8/30/1999,2409,1.68%,9686.6,99.84,4.20,129569,2.26,5.07
9/6/1999,2416,1.68%,9686.6,99.79,4.20,129781,2.63,5.22
9/13/1999,2423,1.68%,9686.6,99.79,4.20,129781,2.63,5.22
9/20/1999,2430,1.68%,9686.6,99.79,4.20,129781,2.63,5.22
9/27/1999,2437,1.68%,9686.6,99.79,4.20,129781,2.63,5.22
10/4/1999,2444,2.21%,9900.2,97.97,4.10,130179,2.56,5.20
10/11/1999,2451,2.21%,9900.2,97.97,4.10,130179,2.56,5.20
10/18/1999,2458,2.21%,9900.2,97.97,4.10,130179,2.56,5.20
10/25/1999,2465,2.21%,9900.2,97.97,4.10,130179,2.56,5.20
11/1/1999,2472,2.21%,9900.2,99.31,4.10,130466,2.62,5.42
11/8/1999,2479,2.21%,9900.2,99.31,4.10,130466,2.62,5.42
11/15/1999,2486,2.21%,9900.2,99.31,4.10,130466,2.62,5.42
11/22/1999,2493,2.21%,9900.2,99.31,4.10,130466,2.62,5.42
11/29/1999,2500,2.21%,9900.2,99.31,4.10,130466,2.62,5.42
12/6/1999,2507,2.21%,9900.2,102.09,4.00,130780,2.68,5.30
12/13/1999,2514,2.21%,9900.2,102.09,4.00,130780,2.68,5.30
12/20/1999,2521,2.21%,9900.2,102.09,4.00,130780,2.68,5.30
12/27/1999,2528,2.21%,9900.2,102.09,4.00,130780,2.68,5.30
1/3/2000,2535,1.03%,10002.2,100.22,4.00,131009,2.79,5.45
1/10/2000,2542,1.03%,10002.2,100.22,4.00,131009,2.79,5.45
1/17/2000,2549,1.03%,10002.2,100.22,4.00,131009,2.79,5.45
1/24/2000,2556,1.03%,10002.2,100.22,4.00,131009,2.79,5.45
1/31/2000,2563,1.03%,10002.2,100.22,4.00,131009,2.79,5.45
2/7/2000,2570,1.03%,10002.2,104.92,4.10,131120,3.22,5.73
2/14/2000,2577,1.03%,10002.2,104.92,4.10,131120,3.22,5.73
2/21/2000,2584,1.03%,10002.2,104.92,4.10,131120,3.22,5.73
2/28/2000,2591,1.03%,10002.2,104.92,4.10,131120,3.22,5.73
3/6/2000,2598,1.03%,10002.2,104.89,4.00,131605,3.76,5.85
3/13/2000,2605,1.03%,10002.2,104.89,4.00,131605,3.76,5.85
3/20/2000,2612,1.03%,10002.2,104.89,4.00,131605,3.76,5.85
3/27/2000,2619,1.03%,10002.2,104.89,4.00,131605,3.76,5.85
4/3/2000,2626,2.45%,10247.7,105.54,3.80,131884,3.01,6.02
4/10/2000,2633,2.45%,10247.7,105.54,3.80,131884,3.01,6.02
4/17/2000,2640,2.45%,10247.7,105.54,3.80,131884,3.01,6.02
4/24/2000,2647,2.45%,10247.7,105.54,3.80,131884,3.01,6.02
5/1/2000,2654,2.45%,10247.7,109.63,4.00,132106,3.13,6.27
5/8/2000,2661,2.45%,10247.7,109.63,4.00,132106,3.13,6.27
5/15/2000,2668,2.45%,10247.7,109.63,4.00,132106,3.13,6.27
5/22/2000,2675,2.45%,10247.7,109.63,4.00,132106,3.13,6.27
5/29/2000,2682,2.45%,10247.7,109.63,4.00,132106,3.13,6.27
6/5/2000,2689,2.45%,10247.7,109.05,4.00,132060,3.73,6.53
6/12/2000,2696,2.45%,10247.7,109.05,4.00,132060,3.73,6.53
6/19/2000,2703,2.45%,10247.7,109.05,4.00,132060,3.73,6.53
6/26/2000,2710,2.45%,10247.7,109.05,4.00,132060,3.73,6.53
7/3/2000,2717,0.69%,10318.2,107.06,4.00,132226,3.60,6.54
7/10/2000,2724,0.69%,10318.2,107.06,4.00,132226,3.60,6.54
7/17/2000,2731,0.69%,10318.2,107.06,4.00,132226,3.60,6.54
7/24/2000,2738,0.69%,10318.2,107.06,4.00,132226,3.60,6.54
7/31/2000,2745,0.69%,10318.2,107.06,4.00,132226,3.60,6.54
8/7/2000,2752,0.69%,10318.2,110.05,4.10,132231,3.35,6.50
8/14/2000,2759,0.69%,10318.2,110.05,4.10,132231,3.35,6.50
8/21/2000,2766,0.69%,10318.2,110.05,4.10,132231,3.35,6.50
8/28/2000,2773,0.69%,10318.2,110.05,4.10,132231,3.35,6.50
9/4/2000,2780,0.69%,10318.2,111.42,3.90,132356,3.46,6.52
9/11/2000,2787,0.69%,10318.2,111.42,3.90,132356,3.46,6.52
9/18/2000,2794,0.69%,10318.2,111.42,3.90,132356,3.46,6.52
9/25/2000,2801,0.69%,10318.2,111.42,3.90,132356,3.46,6.52
10/2/2000,2808,1.14%,10435.7,113.79,3.90,132352,3.45,6.51
10/9/2000,2815,1.14%,10435.7,113.79,3.90,132352,3.45,6.51
10/16/2000,2822,1.14%,10435.7,113.79,3.90,132352,3.45,6.51
10/23/2000,2829,1.14%,10435.7,113.79,3.90,132352,3.45,6.51
10/30/2000,2836,1.14%,10435.7,113.79,3.90,132352,3.45,6.51
11/6/2000,2843,1.14%,10435.7,115.56,3.90,132553,3.44,6.51
11/13/2000,2850,1.14%,10435.7,115.56,3.90,132553,3.44,6.51
11/20/2000,2857,1.14%,10435.7,115.56,3.90,132553,3.44,6.51
11/27/2000,2864,1.14%,10435.7,115.56,3.90,132553,3.44,6.51
12/4/2000,2871,1.14%,10435.7,114.73,3.90,132718,3.44,6.40
12/11/2000,2878,1.14%,10435.7,114.73,3.90,132718,3.44,6.40
12/18/2000,2885,1.14%,10435.7,114.73,3.90,132718,3.44,6.40
12/25/2000,2892,1.14%,10435.7,114.73,3.90,132718,3.44,6.40
1/1/2001,2899,0.33%,10470.2,108.77,4.20,132698,3.72,5.98
1/8/2001,2906,0.33%,10470.2,108.77,4.20,132698,3.72,5.98
1/15/2001,2913,0.33%,10470.2,108.77,4.20,132698,3.72,5.98
1/22/2001,2920,0.33%,10470.2,108.77,4.20,132698,3.72,5.98
1/29/2001,2927,0.33%,10470.2,108.77,4.20,132698,3.72,5.98
2/5/2001,2934,0.33%,10470.2,109.66,4.20,132785,3.53,5.49
2/12/2001,2941,0.33%,10470.2,109.66,4.20,132785,3.53,5.49
2/19/2001,2948,0.33%,10470.2,109.66,4.20,132785,3.53,5.49
2/26/2001,2955,0.33%,10470.2,109.66,4.20,132785,3.53,5.49
3/5/2001,2962,0.33%,10470.2,111.28,4.30,132753,2.98,5.31
3/12/2001,2969,0.33%,10470.2,111.28,4.30,132753,2.98,5.31
3/19/2001,2976,0.33%,10470.2,111.28,4.30,132753,2.98,5.31
3/26/2001,2983,0.33%,10470.2,111.28,4.30,132753,2.98,5.31
4/2/2001,2990,1.23%,10599,117.34,4.40,132456,3.22,4.80
4/9/2001,2997,1.23%,10599,117.34,4.40,132456,3.22,4.80
4/16/2001,3004,1.23%,10599,117.34,4.40,132456,3.22,4.80
4/23/2001,3011,1.23%,10599,117.34,4.40,132456,3.22,4.80
4/30/2001,3018,1.23%,10599,117.34,4.40,132456,3.22,4.80
5/7/2001,3025,1.23%,10599,115.30,4.30,132412,3.56,4.21
5/14/2001,3032,1.23%,10599,115.30,4.30,132412,3.56,4.21
5/21/2001,3039,1.23%,10599,115.30,4.30,132412,3.56,4.21
5/28/2001,3046,1.23%,10599,115.30,4.30,132412,3.56,4.21
6/4/2001,3053,1.23%,10599,118.89,4.50,132296,3.19,3.97
6/11/2001,3060,1.23%,10599,118.89,4.50,132296,3.19,3.97
6/18/2001,3067,1.23%,10599,118.89,4.50,132296,3.19,3.97
6/25/2001,3074,1.23%,10599,118.89,4.50,132296,3.19,3.97
7/2/2001,3081,-0.01%,10598,119.67,4.60,132171,2.72,3.77
7/9/2001,3088,-0.01%,10598,119.67,4.60,132171,2.72,3.77
7/16/2001,3095,-0.01%,10598,119.67,4.60,132171,2.72,3.77
7/23/2001,3102,-0.01%,10598,119.67,4.60,132171,2.72,3.77
7/30/2001,3109,-0.01%,10598,119.67,4.60,132171,2.72,3.77
8/6/2001,3116,-0.01%,10598,116.56,4.90,132024,2.72,3.65
8/13/2001,3123,-0.01%,10598,116.56,4.90,132024,2.72,3.65
8/20/2001,3130,-0.01%,10598,116.56,4.90,132024,2.72,3.65
8/27/2001,3137,-0.01%,10598,116.56,4.90,132024,2.72,3.65
9/3/2001,3144,-0.01%,10598,113.67,5.00,131765,2.59,3.07
9/10/2001,3151,-0.01%,10598,113.67,5.00,131765,2.59,3.07
9/17/2001,3158,-0.01%,10598,113.67,5.00,131765,2.59,3.07
9/24/2001,3165,-0.01%,10598,113.67,5.00,131765,2.59,3.07
10/1/2001,3172,0.59%,10660.5,113.00,5.30,131452,2.13,2.49
10/8/2001,3179,0.59%,10660.5,113.00,5.30,131452,2.13,2.49
10/15/2001,3186,0.59%,10660.5,113.00,5.30,131452,2.13,2.49
10/22/2001,3193,0.59%,10660.5,113.00,5.30,131452,2.13,2.49
10/29/2001,3200,0.59%,10660.5,113.00,5.30,131452,2.13,2.49
11/5/2001,3207,0.59%,10660.5,114.46,5.50,131142,1.89,2.09
11/12/2001,3214,0.59%,10660.5,114.46,5.50,131142,1.89,2.09
11/19/2001,3221,0.59%,10660.5,114.46,5.50,131142,1.89,2.09
11/26/2001,3228,0.59%,10660.5,114.46,5.50,131142,1.89,2.09
12/3/2001,3235,0.59%,10660.5,115.96,5.70,130985,1.60,1.82
12/10/2001,3242,0.59%,10660.5,115.96,5.70,130985,1.60,1.82
12/17/2001,3249,0.59%,10660.5,115.96,5.70,130985,1.60,1.82
12/24/2001,3256,0.59%,10660.5,115.96,5.70,130985,1.60,1.82
12/31/2001,3263,0.59%,10660.5,115.96,5.70,130985,1.60,1.82
1/7/2002,3270,1.15%,10783.5,115.79,5.70,130852,1.20,1.73
1/14/2002,3277,1.15%,10783.5,115.79,5.70,130852,1.20,1.73
1/21/2002,3284,1.15%,10783.5,115.79,5.70,130852,1.20,1.73
1/28/2002,3291,1.15%,10783.5,115.79,5.70,130852,1.20,1.73
2/4/2002,3298,1.15%,10783.5,119.79,5.70,130732,1.14,1.74
2/11/2002,3305,1.15%,10783.5,119.79,5.70,130732,1.14,1.74
2/18/2002,3312,1.15%,10783.5,119.79,5.70,130732,1.14,1.74
2/25/2002,3319,1.15%,10783.5,119.79,5.70,130732,1.14,1.74
3/4/2002,3326,1.15%,10783.5,119.40,5.70,130721,1.36,1.73
3/11/2002,3333,1.15%,10783.5,119.40,5.70,130721,1.36,1.73
3/18/2002,3340,1.15%,10783.5,119.40,5.70,130721,1.36,1.73
3/25/2002,3347,1.15%,10783.5,119.40,5.70,130721,1.36,1.73
4/1/2002,3354,0.96%,10887.5,117.77,5.90,130617,1.64,1.75
4/8/2002,3361,0.96%,10887.5,117.77,5.90,130617,1.64,1.75
4/15/2002,3368,0.96%,10887.5,117.77,5.90,130617,1.64,1.75
4/22/2002,3375,0.96%,10887.5,117.77,5.90,130617,1.64,1.75
4/29/2002,3382,0.96%,10887.5,117.77,5.90,130617,1.64,1.75
5/6/2002,3389,0.96%,10887.5,114.54,5.80,130633,1.24,1.75
5/13/2002,3396,0.96%,10887.5,114.54,5.80,130633,1.24,1.75
5/20/2002,3403,0.96%,10887.5,114.54,5.80,130633,1.24,1.75
5/27/2002,3410,0.96%,10887.5,114.54,5.80,130633,1.24,1.75
6/3/2002,3417,0.96%,10887.5,111.30,5.80,130683,1.07,1.75
6/10/2002,3424,0.96%,10887.5,111.30,5.80,130683,1.07,1.75
6/17/2002,3431,0.96%,10887.5,111.30,5.80,130683,1.07,1.75
6/24/2002,3438,0.96%,10887.5,111.30,5.80,130683,1.07,1.75
7/1/2002,3445,0.89%,10984,106.51,5.80,130583,1.47,1.73
7/8/2002,3452,0.89%,10984,106.51,5.80,130583,1.47,1.73
7/15/2002,3459,0.89%,10984,106.51,5.80,130583,1.47,1.73
7/22/2002,3466,0.89%,10984,106.51,5.80,130583,1.47,1.73
7/29/2002,3473,0.89%,10984,106.51,5.80,130583,1.47,1.73
8/5/2002,3480,0.89%,10984,107.02,5.70,130587,1.75,1.74
8/12/2002,3487,0.89%,10984,107.02,5.70,130587,1.75,1.74
8/19/2002,3494,0.89%,10984,107.02,5.70,130587,1.75,1.74
8/26/2002,3501,0.89%,10984,107.02,5.70,130587,1.75,1.74
9/2/2002,3508,0.89%,10984,105.57,5.70,130498,1.52,1.75
9/9/2002,3515,0.89%,10984,105.57,5.70,130498,1.52,1.75
9/16/2002,3522,0.89%,10984,105.57,5.70,130498,1.52,1.75
9/23/2002,3529,0.89%,10984,105.57,5.70,130498,1.52,1.75
9/30/2002,3536,0.89%,10984,105.57,5.70,130498,1.52,1.75
10/7/2002,3543,0.70%,11061.4,107.07,5.70,130621,2.03,1.75
10/14/2002,3550,0.70%,11061.4,107.07,5.70,130621,2.03,1.75
10/21/2002,3557,0.70%,11061.4,107.07,5.70,130621,2.03,1.75
10/28/2002,3564,0.70%,11061.4,107.07,5.70,130621,2.03,1.75
11/4/2002,3571,0.70%,11061.4,106.08,5.90,130618,2.25,1.34
11/11/2002,3578,0.70%,11061.4,106.08,5.90,130618,2.25,1.34
11/18/2002,3585,0.70%,11061.4,106.08,5.90,130618,2.25,1.34
11/25/2002,3592,0.70%,11061.4,106.08,5.90,130618,2.25,1.34
12/2/2002,3599,0.70%,11061.4,106.35,6.00,130470,2.48,1.24
12/9/2002,3606,0.70%,11061.4,106.35,6.00,130470,2.48,1.24
12/16/2002,3613,0.70%,11061.4,106.35,6.00,130470,2.48,1.24
12/23/2002,3620,0.70%,11061.4,106.35,6.00,130470,2.48,1.24
12/30/2002,3627,0.70%,11061.4,106.35,6.00,130470,2.48,1.24
1/6/2003,3634,1.02%,11174.1,102.98,5.80,130579,2.76,1.24
1/13/2003,3641,1.02%,11174.1,102.98,5.80,130579,2.76,1.24
1/20/2003,3648,1.02%,11174.1,102.98,5.80,130579,2.76,1.24
1/27/2003,3655,1.02%,11174.1,102.98,5.80,130579,2.76,1.24
2/3/2003,3662,1.02%,11174.1,99.90,5.90,130443,3.15,1.26
2/10/2003,3669,1.02%,11174.1,99.90,5.90,130443,3.15,1.26
2/17/2003,3676,1.02%,11174.1,99.90,5.90,130443,3.15,1.26
2/24/2003,3683,1.02%,11174.1,99.90,5.90,130443,3.15,1.26
3/3/2003,3690,1.02%,11174.1,99.10,5.90,130233,3.03,1.25
3/10/2003,3697,1.02%,11174.1,99.10,5.90,130233,3.03,1.25
3/17/2003,3704,1.02%,11174.1,99.10,5.90,130233,3.03,1.25
3/24/2003,3711,1.02%,11174.1,99.10,5.90,130233,3.03,1.25
3/31/2003,3718,1.02%,11174.1,99.10,5.90,130233,3.03,1.25
4/7/2003,3725,1.24%,11312.8,99.15,6.00,130176,2.18,1.26
4/14/2003,3732,1.24%,11312.8,99.15,6.00,130176,2.18,1.26
4/21/2003,3739,1.24%,11312.8,99.15,6.00,130176,2.18,1.26
4/28/2003,3746,1.24%,11312.8,99.15,6.00,130176,2.18,1.26
5/5/2003,3753,1.24%,11312.8,96.70,6.10,130197,1.89,1.26
5/12/2003,3760,1.24%,11312.8,96.70,6.10,130197,1.89,1.26
5/19/2003,3767,1.24%,11312.8,96.70,6.10,130197,1.89,1.26
5/26/2003,3774,1.24%,11312.8,96.70,6.10,130197,1.89,1.26
6/2/2003,3781,1.24%,11312.8,93.34,6.30,130192,1.95,1.22
6/9/2003,3788,1.24%,11312.8,93.34,6.30,130192,1.95,1.22
6/16/2003,3795,1.24%,11312.8,93.34,6.30,130192,1.95,1.22
6/23/2003,3802,1.24%,11312.8,93.34,6.30,130192,1.95,1.22
6/30/2003,3809,1.24%,11312.8,93.34,6.30,130192,1.95,1.22
7/7/2003,3816,2.24%,11566.7,94.30,6.20,130183,2.06,1.01
7/14/2003,3823,2.24%,11566.7,94.30,6.20,130183,2.06,1.01
7/21/2003,3830,2.24%,11566.7,94.30,6.20,130183,2.06,1.01
7/28/2003,3837,2.24%,11566.7,94.30,6.20,130183,2.06,1.01
8/4/2003,3844,2.24%,11566.7,96.66,6.10,130153,2.22,1.03
8/11/2003,3851,2.24%,11566.7,96.66,6.10,130153,2.22,1.03
8/18/2003,3858,2.24%,11566.7,96.66,6.10,130153,2.22,1.03
8/25/2003,3865,2.24%,11566.7,96.66,6.10,130153,2.22,1.03
9/1/2003,3872,2.24%,11566.7,98.00,6.10,130252,2.38,1.01
9/8/2003,3879,2.24%,11566.7,98.00,6.10,130252,2.38,1.01
9/15/2003,3886,2.24%,11566.7,98.00,6.10,130252,2.38,1.01
9/22/2003,3893,2.24%,11566.7,98.00,6.10,130252,2.38,1.01
9/29/2003,3900,2.24%,11566.7,98.00,6.10,130252,2.38,1.01
10/6/2003,3907,1.78%,11772.2,92.39,6.00,130439,2.04,1.01
10/13/2003,3914,1.78%,11772.2,92.39,6.00,130439,2.04,1.01
10/20/2003,3921,1.78%,11772.2,92.39,6.00,130439,2.04,1.01
10/27/2003,3928,1.78%,11772.2,92.39,6.00,130439,2.04,1.01
11/3/2003,3935,1.78%,11772.2,93.66,5.80,130482,1.93,1.00
11/10/2003,3942,1.78%,11772.2,93.66,5.80,130482,1.93,1.00
11/17/2003,3949,1.78%,11772.2,93.66,5.80,130482,1.93,1.00
11/24/2003,3956,1.78%,11772.2,93.66,5.80,130482,1.93,1.00
12/1/2003,3963,1.78%,11772.2,90.35,5.70,130595,2.04,0.98
12/8/2003,3970,1.78%,11772.2,90.35,5.70,130595,2.04,0.98
12/15/2003,3977,1.78%,11772.2,90.35,5.70,130595,2.04,0.98
12/22/2003,3984,1.78%,11772.2,90.35,5.70,130595,2.04,0.98
12/29/2003,3991,1.78%,11772.2,90.35,5.70,130595,2.04,0.98
1/5/2004,3998,1.28%,11923.4,86.92,5.70,130765,2.03,1.00
1/12/2004,4005,1.28%,11923.4,86.92,5.70,130765,2.03,1.00
1/19/2004,4012,1.28%,11923.4,86.92,5.70,130765,2.03,1.00
1/26/2004,4019,1.28%,11923.4,86.92,5.70,130765,2.03,1.00
2/2/2004,4026,1.28%,11923.4,87.53,5.60,130822,1.69,1.01
2/9/2004,4033,1.28%,11923.4,87.53,5.60,130822,1.69,1.01
2/16/2004,4040,1.28%,11923.4,87.53,5.60,130822,1.69,1.01
2/23/2004,4047,1.28%,11923.4,87.53,5.60,130822,1.69,1.01
3/1/2004,4054,1.28%,11923.4,87.52,5.80,131139,1.74,1.00
3/8/2004,4061,1.28%,11923.4,87.52,5.80,131139,1.74,1.00
3/15/2004,4068,1.28%,11923.4,87.52,5.80,131139,1.74,1.00
3/22/2004,4075,1.28%,11923.4,87.52,5.80,131139,1.74,1.00
3/29/2004,4082,1.28%,11923.4,87.52,5.80,131139,1.74,1.00
4/5/2004,4089,1.59%,12112.8,87.21,5.60,131410,2.29,1.00
4/12/2004,4096,1.59%,12112.8,87.21,5.60,131410,2.29,1.00
4/19/2004,4103,1.59%,12112.8,87.21,5.60,131410,2.29,1.00
4/26/2004,4110,1.59%,12112.8,87.21,5.60,131410,2.29,1.00
5/3/2004,4117,1.59%,12112.8,90.76,5.60,131694,2.90,1.00
5/10/2004,4124,1.59%,12112.8,90.76,5.60,131694,2.90,1.00
5/17/2004,4131,1.59%,12112.8,90.76,5.60,131694,2.90,1.00
5/24/2004,4138,1.59%,12112.8,90.76,5.60,131694,2.90,1.00
5/31/2004,4145,1.59%,12112.8,90.76,5.60,131694,2.90,1.00
6/7/2004,4152,1.59%,12112.8,88.88,5.60,131789,3.17,1.03
6/14/2004,4159,1.59%,12112.8,88.88,5.60,131789,3.17,1.03
6/21/2004,4166,1.59%,12112.8,88.88,5.60,131789,3.17,1.03
6/28/2004,4173,1.59%,12112.8,88.88,5.60,131789,3.17,1.03
7/5/2004,4180,1.59%,12305.3,88.79,5.50,131849,2.94,1.26
7/12/2004,4187,1.59%,12305.3,88.79,5.50,131849,2.94,1.26
7/19/2004,4194,1.59%,12305.3,88.79,5.50,131849,2.94,1.26
7/26/2004,4201,1.59%,12305.3,88.79,5.50,131849,2.94,1.26
8/2/2004,4208,1.59%,12305.3,89.75,5.40,131936,2.55,1.43
8/9/2004,4215,1.59%,12305.3,89.75,5.40,131936,2.55,1.43
8/16/2004,4222,1.59%,12305.3,89.75,5.40,131936,2.55,1.43
8/23/2004,4229,1.59%,12305.3,89.75,5.40,131936,2.55,1.43
8/30/2004,4236,1.59%,12305.3,89.75,5.40,131936,2.55,1.43
9/6/2004,4243,1.59%,12305.3,88.87,5.40,132082,2.54,1.61
9/13/2004,4250,1.59%,12305.3,88.87,5.40,132082,2.54,1.61
9/20/2004,4257,1.59%,12305.3,88.87,5.40,132082,2.54,1.61
9/27/2004,4264,1.59%,12305.3,88.87,5.40,132082,2.54,1.61
10/4/2004,4271,1.80%,12527.2,87.63,5.50,132433,3.19,1.76
10/11/2004,4278,1.80%,12527.2,87.63,5.50,132433,3.19,1.76
10/18/2004,4285,1.80%,12527.2,87.63,5.50,132433,3.19,1.76
10/25/2004,4292,1.80%,12527.2,87.63,5.50,132433,3.19,1.76
11/1/2004,4299,1.80%,12527.2,85.20,5.40,132509,3.62,1.93
11/8/2004,4306,1.80%,12527.2,85.20,5.40,132509,3.62,1.93
11/15/2004,4313,1.80%,12527.2,85.20,5.40,132509,3.62,1.93
11/22/2004,4320,1.80%,12527.2,85.20,5.40,132509,3.62,1.93
11/29/2004,4327,1.80%,12527.2,85.20,5.40,132509,3.62,1.93
12/6/2004,4334,1.80%,12527.2,81.56,5.40,132633,3.34,2.16
12/13/2004,4341,1.80%,12527.2,81.56,5.40,132633,3.34,2.16
12/20/2004,4348,1.80%,12527.2,81.56,5.40,132633,3.34,2.16
12/27/2004,4355,1.80%,12527.2,81.56,5.40,132633,3.34,2.16
1/3/2005,4362,1.92%,12767.3,81.30,5.30,132778,2.84,2.28
1/10/2005,4369,1.92%,12767.3,81.30,5.30,132778,2.84,2.28
1/17/2005,4376,1.92%,12767.3,81.30,5.30,132778,2.84,2.28
1/24/2005,4383,1.92%,12767.3,81.30,5.30,132778,2.84,2.28
1/31/2005,4390,1.92%,12767.3,81.30,5.30,132778,2.84,2.28
2/7/2005,4397,1.92%,12767.3,83.45,5.40,133033,3.05,2.50
2/14/2005,4404,1.92%,12767.3,83.45,5.40,133033,3.05,2.50
2/21/2005,4411,1.92%,12767.3,83.45,5.40,133033,3.05,2.50
2/28/2005,4418,1.92%,12767.3,83.45,5.40,133033,3.05,2.50
3/7/2005,4425,1.92%,12767.3,82.77,5.20,133153,3.21,2.63
3/14/2005,4432,1.92%,12767.3,82.77,5.20,133153,3.21,2.63
3/21/2005,4439,1.92%,12767.3,82.77,5.20,133153,3.21,2.63
3/28/2005,4446,1.92%,12767.3,82.77,5.20,133153,3.21,2.63
4/4/2005,4453,1.22%,12922.7,84.43,5.20,133516,3.36,2.79
4/11/2005,4460,1.22%,12922.7,84.43,5.20,133516,3.36,2.79
4/18/2005,4467,1.22%,12922.7,84.43,5.20,133516,3.36,2.79
4/25/2005,4474,1.22%,12922.7,84.43,5.20,133516,3.36,2.79
5/2/2005,4481,1.22%,12922.7,84.49,5.10,133687,2.87,3.00
5/9/2005,4488,1.22%,12922.7,84.49,5.10,133687,2.87,3.00
5/16/2005,4495,1.22%,12922.7,84.49,5.10,133687,2.87,3.00
5/23/2005,4502,1.22%,12922.7,84.49,5.10,133687,2.87,3.00
5/30/2005,4509,1.22%,12922.7,84.49,5.10,133687,2.87,3.00
6/6/2005,4516,1.22%,12922.7,88.11,5.00,133940,2.54,3.04
6/13/2005,4523,1.22%,12922.7,88.11,5.00,133940,2.54,3.04
6/20/2005,4530,1.22%,12922.7,88.11,5.00,133940,2.54,3.04
6/27/2005,4537,1.22%,12922.7,88.11,5.00,133940,2.54,3.04
7/4/2005,4544,1.70%,13142.6,90.13,5.00,134297,3.07,3.26
7/11/2005,4551,1.70%,13142.6,90.13,5.00,134297,3.07,3.26
7/18/2005,4558,1.70%,13142.6,90.13,5.00,134297,3.07,3.26
7/25/2005,4565,1.70%,13142.6,90.13,5.00,134297,3.07,3.26
8/1/2005,4572,1.70%,13142.6,88.80,4.90,134495,3.65,3.50
8/8/2005,4579,1.70%,13142.6,88.80,4.90,134495,3.65,3.50
8/15/2005,4586,1.70%,13142.6,88.80,4.90,134495,3.65,3.50
8/22/2005,4593,1.70%,13142.6,88.80,4.90,134495,3.65,3.50
8/29/2005,4600,1.70%,13142.6,88.80,4.90,134495,3.65,3.50
9/5/2005,4607,1.70%,13142.6,86.55,5.00,134551,4.74,3.62
9/12/2005,4614,1.70%,13142.6,86.55,5.00,134551,4.74,3.62
9/19/2005,4621,1.70%,13142.6,86.55,5.00,134551,4.74,3.62
9/26/2005,4628,1.70%,13142.6,86.55,5.00,134551,4.74,3.62
10/3/2005,4635,1.38%,13324.2,90.13,5.00,134644,4.35,3.78
10/10/2005,4642,1.38%,13324.2,90.13,5.00,134644,4.35,3.78
10/17/2005,4649,1.38%,13324.2,90.13,5.00,134644,4.35,3.78
10/24/2005,4656,1.38%,13324.2,90.13,5.00,134644,4.35,3.78
10/31/2005,4663,1.38%,13324.2,90.13,5.00,134644,4.35,3.78
11/7/2005,4670,1.38%,13324.2,90.08,5.00,135001,3.34,4.00
11/14/2005,4677,1.38%,13324.2,90.08,5.00,135001,3.34,4.00
11/21/2005,4684,1.38%,13324.2,90.08,5.00,135001,3.34,4.00
11/28/2005,4691,1.38%,13324.2,90.08,5.00,135001,3.34,4.00
12/5/2005,4698,1.38%,13324.2,91.82,4.90,135161,3.34,4.16
12/12/2005,4705,1.38%,13324.2,91.82,4.90,135161,3.34,4.16
12/19/2005,4712,1.38%,13324.2,91.82,4.90,135161,3.34,4.16
12/26/2005,4719,1.38%,13324.2,91.82,4.90,135161,3.34,4.16
1/2/2006,4726,2.06%,13599.2,89.84,4.70,135425,4.02,4.29
1/9/2006,4733,2.06%,13599.2,89.84,4.70,135425,4.02,4.29
1/16/2006,4740,2.06%,13599.2,89.84,4.70,135425,4.02,4.29
1/23/2006,4747,2.06%,13599.2,89.84,4.70,135425,4.02,4.29
1/30/2006,4754,2.06%,13599.2,89.84,4.70,135425,4.02,4.29
2/6/2006,4761,2.06%,13599.2,89.51,4.80,135731,3.64,4.49
2/13/2006,4768,2.06%,13599.2,89.51,4.80,135731,3.64,4.49
2/20/2006,4775,2.06%,13599.2,89.51,4.80,135731,3.64,4.49
2/27/2006,4782,2.06%,13599.2,89.51,4.80,135731,3.64,4.49
3/6/2006,4789,2.06%,13599.2,90.22,4.70,136040,3.42,4.59
3/13/2006,4796,2.06%,13599.2,90.22,4.70,136040,3.42,4.59
3/20/2006,4803,2.06%,13599.2,90.22,4.70,136040,3.42,4.59
3/27/2006,4810,2.06%,13599.2,90.22,4.70,136040,3.42,4.59
4/3/2006,4817,1.13%,13753.4,89.63,4.70,136211,3.61,4.79
4/10/2006,4824,1.13%,13753.4,89.63,4.70,136211,3.61,4.79
4/17/2006,4831,1.13%,13753.4,89.63,4.70,136211,3.61,4.79
4/24/2006,4838,1.13%,13753.4,89.63,4.70,136211,3.61,4.79
5/1/2006,4845,1.13%,13753.4,85.97,4.60,136247,3.98,4.94
5/8/2006,4852,1.13%,13753.4,85.97,4.60,136247,3.98,4.94
5/15/2006,4859,1.13%,13753.4,85.97,4.60,136247,3.98,4.94
5/22/2006,4866,1.13%,13753.4,85.97,4.60,136247,3.98,4.94
5/29/2006,4873,1.13%,13753.4,85.97,4.60,136247,3.98,4.94
6/5/2006,4880,1.13%,13753.4,84.79,4.60,136328,4.18,4.99
6/12/2006,4887,1.13%,13753.4,84.79,4.60,136328,4.18,4.99
6/19/2006,4894,1.13%,13753.4,84.79,4.60,136328,4.18,4.99
6/26/2006,4901,1.13%,13753.4,84.79,4.60,136328,4.18,4.99
7/3/2006,4908,0.85%,13870.2,85.18,4.70,136522,4.10,5.24
7/10/2006,4915,0.85%,13870.2,85.18,4.70,136522,4.10,5.24
7/17/2006,4922,0.85%,13870.2,85.18,4.70,136522,4.10,5.24
7/24/2006,4929,0.85%,13870.2,85.18,4.70,136522,4.10,5.24
7/31/2006,4936,0.85%,13870.2,85.18,4.70,136522,4.10,5.24
8/7/2006,4943,0.85%,13870.2,85.05,4.70,136688,3.93,5.25
8/14/2006,4950,0.85%,13870.2,85.05,4.70,136688,3.93,5.25
8/21/2006,4957,0.85%,13870.2,85.05,4.70,136688,3.93,5.25
8/28/2006,4964,0.85%,13870.2,85.05,4.70,136688,3.93,5.25
9/4/2006,4971,0.85%,13870.2,84.94,4.50,136824,2.01,5.25
9/11/2006,4978,0.85%,13870.2,84.94,4.50,136824,2.01,5.25
9/18/2006,4985,0.85%,13870.2,84.94,4.50,136824,2.01,5.25
9/25/2006,4992,0.85%,13870.2,84.94,4.50,136824,2.01,5.25
10/2/2006,4999,1.22%,14039.6,85.59,4.40,136848,1.41,5.25
10/9/2006,5006,1.22%,14039.6,85.59,4.40,136848,1.41,5.25
10/16/2006,5013,1.22%,14039.6,85.59,4.40,136848,1.41,5.25
10/23/2006,5020,1.22%,14039.6,85.59,4.40,136848,1.41,5.25
10/30/2006,5027,1.22%,14039.6,85.59,4.40,136848,1.41,5.25
11/6/2006,5034,1.22%,14039.6,85.32,4.50,137069,1.97,5.25
11/13/2006,5041,1.22%,14039.6,85.32,4.50,137069,1.97,5.25
11/20/2006,5048,1.22%,14039.6,85.32,4.50,137069,1.97,5.25
11/27/2006,5055,1.22%,14039.6,85.32,4.50,137069,1.97,5.25
12/4/2006,5062,1.22%,14039.6,82.48,4.40,137253,2.52,5.24
12/11/2006,5069,1.22%,14039.6,82.48,4.40,137253,2.52,5.24
12/18/2006,5076,1.22%,14039.6,82.48,4.40,137253,2.52,5.24
12/25/2006,5083,1.22%,14039.6,82.48,4.40,137253,2.52,5.24
1/1/2007,5090,1.25%,14215.7,83.20,4.60,137476,2.08,5.25
1/8/2007,5097,1.25%,14215.7,83.20,4.60,137476,2.08,5.25
1/15/2007,5104,1.25%,14215.7,83.20,4.60,137476,2.08,5.25
1/22/2007,5111,1.25%,14215.7,83.20,4.60,137476,2.08,5.25
1/29/2007,5118,1.25%,14215.7,83.20,4.60,137476,2.08,5.25
2/5/2007,5125,1.25%,14215.7,84.63,4.50,137554,2.42,5.26
2/12/2007,5132,1.25%,14215.7,84.63,4.50,137554,2.42,5.26
2/19/2007,5139,1.25%,14215.7,84.63,4.50,137554,2.42,5.26
2/26/2007,5146,1.25%,14215.7,84.63,4.50,137554,2.42,5.26
3/5/2007,5153,1.25%,14215.7,83.68,4.40,137781,2.80,5.26
3/12/2007,5160,1.25%,14215.7,83.68,4.40,137781,2.80,5.26
3/19/2007,5167,1.25%,14215.7,83.68,4.40,137781,2.80,5.26
3/26/2007,5174,1.25%,14215.7,83.68,4.40,137781,2.80,5.26
4/2/2007,5181,1.31%,14402.1,82.87,4.50,137843,2.59,5.25
4/9/2007,5188,1.31%,14402.1,82.87,4.50,137843,2.59,5.25
4/16/2007,5195,1.31%,14402.1,82.87,4.50,137843,2.59,5.25
4/23/2007,5202,1.31%,14402.1,82.87,4.50,137843,2.59,5.25
4/30/2007,5209,1.31%,14402.1,82.87,4.50,137843,2.59,5.25
5/7/2007,5216,1.31%,14402.1,81.60,4.40,137993,2.71,5.25
5/14/2007,5223,1.31%,14402.1,81.60,4.40,137993,2.71,5.25
5/21/2007,5230,1.31%,14402.1,81.60,4.40,137993,2.71,5.25
5/28/2007,5237,1.31%,14402.1,81.60,4.40,137993,2.71,5.25
6/4/2007,5244,1.31%,14402.1,82.32,4.60,138072,2.69,5.25
6/11/2007,5251,1.31%,14402.1,82.32,4.60,138072,2.69,5.25
6/18/2007,5258,1.31%,14402.1,82.32,4.60,138072,2.69,5.25
6/25/2007,5265,1.31%,14402.1,82.32,4.60,138072,2.69,5.25
7/2/2007,5272,1.12%,14564.1,81.39,4.70,138042,2.32,5.26
7/9/2007,5279,1.12%,14564.1,81.39,4.70,138042,2.32,5.26
7/16/2007,5286,1.12%,14564.1,81.39,4.70,138042,2.32,5.26
7/23/2007,5293,1.12%,14564.1,81.39,4.70,138042,2.32,5.26
7/30/2007,5300,1.12%,14564.1,81.39,4.70,138042,2.32,5.26
8/6/2007,5307,1.12%,14564.1,80.87,4.60,138017,1.90,5.02
8/13/2007,5314,1.12%,14564.1,80.87,4.60,138017,1.90,5.02
8/20/2007,5321,1.12%,14564.1,80.87,4.60,138017,1.90,5.02
8/27/2007,5328,1.12%,14564.1,80.87,4.60,138017,1.90,5.02
9/3/2007,5335,1.12%,14564.1,80.88,4.70,138103,2.83,4.94
9/10/2007,5342,1.12%,14564.1,80.88,4.70,138103,2.83,4.94
9/17/2007,5349,1.12%,14564.1,80.88,4.70,138103,2.83,4.94
9/24/2007,5356,1.12%,14564.1,80.88,4.70,138103,2.83,4.94
10/1/2007,5363,1.04%,14715.1,77.90,4.70,138174,3.61,4.76
10/8/2007,5370,1.04%,14715.1,77.90,4.70,138174,3.61,4.76
10/15/2007,5377,1.04%,14715.1,77.90,4.70,138174,3.61,4.76
10/22/2007,5384,1.04%,14715.1,77.90,4.70,138174,3.61,4.76
10/29/2007,5391,1.04%,14715.1,77.90,4.70,138174,3.61,4.76
11/5/2007,5398,1.04%,14715.1,76.59,4.70,138292,4.37,4.49
11/12/2007,5405,1.04%,14715.1,76.59,4.70,138292,4.37,4.49
11/19/2007,5412,1.04%,14715.1,76.59,4.70,138292,4.37,4.49
11/26/2007,5419,1.04%,14715.1,76.59,4.70,138292,4.37,4.49
12/3/2007,5426,1.04%,14715.1,75.93,5.00,138398,4.11,4.24
12/10/2007,5433,1.04%,14715.1,75.93,5.00,138398,4.11,4.24
12/17/2007,5440,1.04%,14715.1,75.93,5.00,138398,4.11,4.24
12/24/2007,5447,1.04%,14715.1,75.93,5.00,138398,4.11,4.24
12/31/2007,5454,1.04%,14715.1,75.93,5.00,138398,4.11,4.24
1/7/2008,5461,-0.06%,14706.5,75.97,5.00,138399,4.29,3.94
1/14/2008,5468,-0.06%,14706.5,75.97,5.00,138399,4.29,3.94
1/21/2008,5475,-0.06%,14706.5,75.97,5.00,138399,4.29,3.94
1/28/2008,5482,-0.06%,14706.5,75.97,5.00,138399,4.29,3.94
2/4/2008,5489,-0.06%,14706.5,75.45,4.90,138323,4.14,2.98
2/11/2008,5496,-0.06%,14706.5,75.45,4.90,138323,4.14,2.98
2/18/2008,5503,-0.06%,14706.5,75.45,4.90,138323,4.14,2.98
2/25/2008,5510,-0.06%,14706.5,75.45,4.90,138323,4.14,2.98
3/3/2008,5517,-0.06%,14706.5,73.70,5.10,138255,3.97,2.61
3/10/2008,5524,-0.06%,14706.5,73.70,5.10,138255,3.97,2.61
3/17/2008,5531,-0.06%,14706.5,73.70,5.10,138255,3.97,2.61
3/24/2008,5538,-0.06%,14706.5,73.70,5.10,138255,3.97,2.61
3/31/2008,5545,-0.06%,14706.5,73.70,5.10,138255,3.97,2.61
4/7/2008,5552,1.08%,14865.7,72.56,5.00,138038,3.90,2.28
4/14/2008,5559,1.08%,14865.7,72.56,5.00,138038,3.90,2.28
4/21/2008,5566,1.08%,14865.7,72.56,5.00,138038,3.90,2.28
4/28/2008,5573,1.08%,14865.7,72.56,5.00,138038,3.90,2.28
5/5/2008,5580,1.08%,14865.7,73.28,5.40,137847,4.09,1.98
5/12/2008,5587,1.08%,14865.7,73.28,5.40,137847,4.09,1.98
5/19/2008,5594,1.08%,14865.7,73.28,5.40,137847,4.09,1.98
5/26/2008,5601,1.08%,14865.7,73.28,5.40,137847,4.09,1.98
6/2/2008,5608,1.08%,14865.7,72.93,5.60,137689,4.94,2.00
6/9/2008,5615,1.08%,14865.7,72.93,5.60,137689,4.94,2.00
6/16/2008,5622,1.08%,14865.7,72.93,5.60,137689,4.94,2.00
6/23/2008,5629,1.08%,14865.7,72.93,5.60,137689,4.94,2.00
6/30/2008,5636,1.08%,14865.7,72.93,5.60,137689,4.94,2.00
7/7/2008,5643,0.22%,14899,72.37,5.80,137492,5.50,2.01
7/14/2008,5650,0.22%,14899,72.37,5.80,137492,5.50,2.01
7/21/2008,5657,0.22%,14899,72.37,5.80,137492,5.50,2.01
7/28/2008,5664,0.22%,14899,72.37,5.80,137492,5.50,2.01
8/4/2008,5671,0.22%,14899,73.42,6.10,137209,5.31,2.00
8/11/2008,5678,0.22%,14899,73.42,6.10,137209,5.31,2.00
8/18/2008,5685,0.22%,14899,73.42,6.10,137209,5.31,2.00
8/25/2008,5692,0.22%,14899,73.42,6.10,137209,5.31,2.00
9/1/2008,5699,0.22%,14899,78.06,6.10,136758,4.95,1.81
9/8/2008,5706,0.22%,14899,78.06,6.10,136758,4.95,1.81
9/15/2008,5713,0.22%,14899,78.06,6.10,136758,4.95,1.81
9/22/2008,5720,0.22%,14899,78.06,6.10,136758,4.95,1.81
9/29/2008,5727,0.22%,14899,78.06,6.10,136758,4.95,1.81
10/6/2008,5734,-1.95%,14608.2,79.46,6.50,136294,3.73,0.97
10/13/2008,5741,-1.95%,14608.2,79.46,6.50,136294,3.73,0.97
10/20/2008,5748,-1.95%,14608.2,79.46,6.50,136294,3.73,0.97
10/27/2008,5755,-1.95%,14608.2,79.46,6.50,136294,3.73,0.97
11/3/2008,5762,-1.95%,14608.2,86.35,6.80,135546,1.10,0.39
11/10/2008,5769,-1.95%,14608.2,86.35,6.80,135546,1.10,0.39
11/17/2008,5776,-1.95%,14608.2,86.35,6.80,135546,1.10,0.39
11/24/2008,5783,-1.95%,14608.2,86.35,6.80,135546,1.10,0.39
12/1/2008,5790,-1.95%,14608.2,86.72,7.30,134849,-0.02,0.16
12/8/2008,5797,-1.95%,14608.2,86.72,7.30,134849,-0.02,0.16
12/15/2008,5804,-1.95%,14608.2,86.72,7.30,134849,-0.02,0.16
12/22/2008,5811,-1.95%,14608.2,86.72,7.30,134849,-0.02,0.16
12/29/2008,5818,-1.95%,14608.2,86.72,7.30,134849,-0.02,0.16
1/5/2009,5825,-1.21%,14430.9,81.84,7.80,134069,-0.11,0.15
1/12/2009,5832,-1.21%,14430.9,81.84,7.80,134069,-0.11,0.15
1/19/2009,5839,-1.21%,14430.9,81.84,7.80,134069,-0.11,0.15
1/26/2009,5846,-1.21%,14430.9,81.84,7.80,134069,-0.11,0.15
2/2/2009,5853,-1.21%,14430.9,86.07,8.30,133311,0.01,0.22
2/9/2009,5860,-1.21%,14430.9,86.07,8.30,133311,0.01,0.22
2/16/2009,5867,-1.21%,14430.9,86.07,8.30,133311,0.01,0.22
2/23/2009,5874,-1.21%,14430.9,86.07,8.30,133311,0.01,0.22
3/2/2009,5881,-1.21%,14430.9,88.94,8.70,132493,-0.45,0.18
3/9/2009,5888,-1.21%,14430.9,88.94,8.70,132493,-0.45,0.18
3/16/2009,5895,-1.21%,14430.9,88.94,8.70,132493,-0.45,0.18
3/23/2009,5902,-1.21%,14430.9,88.94,8.70,132493,-0.45,0.18
3/30/2009,5909,-1.21%,14430.9,88.94,8.70,132493,-0.45,0.18
4/6/2009,5916,-0.34%,14381.2,85.50,9.00,131825,-0.58,0.15
4/13/2009,5923,-0.34%,14381.2,85.50,9.00,131825,-0.58,0.15
4/20/2009,5930,-0.34%,14381.2,85.50,9.00,131825,-0.58,0.15
4/27/2009,5937,-0.34%,14381.2,85.50,9.00,131825,-0.58,0.15
5/4/2009,5944,-0.34%,14381.2,84.55,9.40,131470,-1.02,0.18
5/11/2009,5951,-0.34%,14381.2,84.55,9.40,131470,-1.02,0.18
5/18/2009,5958,-0.34%,14381.2,84.55,9.40,131470,-1.02,0.18
5/25/2009,5965,-0.34%,14381.2,84.55,9.40,131470,-1.02,0.18
6/1/2009,5972,-0.34%,14381.2,79.17,9.50,131002,-1.23,0.21
6/8/2009,5979,-0.34%,14381.2,79.17,9.50,131002,-1.23,0.21
6/15/2009,5986,-0.34%,14381.2,79.17,9.50,131002,-1.23,0.21
6/22/2009,5993,-0.34%,14381.2,79.17,9.50,131002,-1.23,0.21
6/29/2009,6000,-0.34%,14381.2,79.17,9.50,131002,-1.23,0.21
7/6/2009,6007,0.47%,14448.9,79.63,9.50,130661,-1.96,0.16
7/13/2009,6014,0.47%,14448.9,79.63,9.50,130661,-1.96,0.16
7/20/2009,6021,0.47%,14448.9,79.63,9.50,130661,-1.96,0.16
7/27/2009,6028,0.47%,14448.9,79.63,9.50,130661,-1.96,0.16
8/3/2009,6035,0.47%,14448.9,77.64,9.60,130480,-1.48,0.16
8/10/2009,6042,0.47%,14448.9,77.64,9.60,130480,-1.48,0.16
8/17/2009,6049,0.47%,14448.9,77.64,9.60,130480,-1.48,0.16
8/24/2009,6056,0.47%,14448.9,77.64,9.60,130480,-1.48,0.16
8/31/2009,6063,0.47%,14448.9,77.64,9.60,130480,-1.48,0.16
9/7/2009,6070,0.47%,14448.9,78.76,9.80,130240,-1.38,0.15
9/14/2009,6077,0.47%,14448.9,78.76,9.80,130240,-1.38,0.15
9/21/2009,6084,0.47%,14448.9,78.76,9.80,130240,-1.38,0.15
9/28/2009,6091,0.47%,14448.9,78.76,9.80,130240,-1.38,0.15
10/5/2009,6098,1.40%,14651.2,77.19,10.00,130062,-0.22,0.12
10/12/2009,6105,1.40%,14651.2,77.19,10.00,130062,-0.22,0.12
10/19/2009,6112,1.40%,14651.2,77.19,10.00,130062,-0.22,0.12
10/26/2009,6119,1.40%,14651.2,77.19,10.00,130062,-0.22,0.12
11/2/2009,6126,1.40%,14651.2,76.29,9.90,130059,1.91,0.12
11/9/2009,6133,1.40%,14651.2,76.29,9.90,130059,1.91,0.12
11/16/2009,6140,1.40%,14651.2,76.29,9.90,130059,1.91,0.12
11/23/2009,6147,1.40%,14651.2,76.29,9.90,130059,1.91,0.12
11/30/2009,6154,1.40%,14651.2,76.29,9.90,130059,1.91,0.12
12/7/2009,6161,1.40%,14651.2,74.36,9.90,129808,2.81,0.12
12/14/2009,6168,1.40%,14651.2,74.36,9.90,129808,2.81,0.12
12/21/2009,6175,1.40%,14651.2,74.36,9.90,129808,2.81,0.12
12/28/2009,6182,1.40%,14651.2,74.36,9.90,129808,2.81,0.12
1/4/2010,6189,0.77%,14764.6,77.53,9.80,129798,2.62,0.11
1/11/2010,6196,0.77%,14764.6,77.53,9.80,129798,2.62,0.11
1/18/2010,6203,0.77%,14764.6,77.53,9.80,129798,2.62,0.11
1/25/2010,6210,0.77%,14764.6,77.53,9.80,129798,2.62,0.11
2/1/2010,6217,0.77%,14764.6,79.24,9.80,129700,2.15,0.13
2/8/2010,6224,0.77%,14764.6,79.24,9.80,129700,2.15,0.13
2/15/2010,6231,0.77%,14764.6,79.24,9.80,129700,2.15,0.13
2/22/2010,6238,0.77%,14764.6,79.24,9.80,129700,2.15,0.13
3/1/2010,6245,0.77%,14764.6,80.66,9.90,129864,2.29,0.16
3/8/2010,6252,0.77%,14764.6,80.66,9.90,129864,2.29,0.16
3/15/2010,6259,0.77%,14764.6,80.66,9.90,129864,2.29,0.16
3/22/2010,6266,0.77%,14764.6,80.66,9.90,129864,2.29,0.16
3/29/2010,6273,0.77%,14764.6,80.66,9.90,129864,2.29,0.16
4/5/2010,6280,1.46%,14980.2,80.78,9.90,130115,2.21,0.20
4/12/2010,6287,1.46%,14980.2,80.78,9.90,130115,2.21,0.20
4/19/2010,6294,1.46%,14980.2,80.78,9.90,130115,2.21,0.20
4/26/2010,6301,1.46%,14980.2,80.78,9.90,130115,2.21,0.20
5/3/2010,6308,1.46%,14980.2,82.27,9.60,130645,2.00,0.20
5/10/2010,6315,1.46%,14980.2,82.27,9.60,130645,2.00,0.20
5/17/2010,6322,1.46%,14980.2,82.27,9.60,130645,2.00,0.20
5/24/2010,6329,1.46%,14980.2,82.27,9.60,130645,2.00,0.20
5/31/2010,6336,1.46%,14980.2,82.27,9.60,130645,2.00,0.20
6/7/2010,6343,1.46%,14980.2,86.64,9.40,130501,1.12,0.18
6/14/2010,6350,1.46%,14980.2,86.64,9.40,130501,1.12,0.18
6/21/2010,6357,1.46%,14980.2,86.64,9.40,130501,1.12,0.18
6/28/2010,6364,1.46%,14980.2,86.64,9.40,130501,1.12,0.18
7/5/2010,6371,1.08%,15141.6,84.72,9.40,130420,1.34,0.18
7/12/2010,6378,1.08%,15141.6,84.72,9.40,130420,1.34,0.18
7/19/2010,6385,1.08%,15141.6,84.72,9.40,130420,1.34,0.18
7/26/2010,6392,1.08%,15141.6,84.72,9.40,130420,1.34,0.18
8/2/2010,6399,1.08%,15141.6,80.94,9.50,130424,1.15,0.19
8/9/2010,6406,1.08%,15141.6,80.94,9.50,130424,1.15,0.19
8/16/2010,6413,1.08%,15141.6,80.94,9.50,130424,1.15,0.19
8/23/2010,6420,1.08%,15141.6,80.94,9.50,130424,1.15,0.19
8/30/2010,6427,1.08%,15141.6,80.94,9.50,130424,1.15,0.19
9/6/2010,6434,1.08%,15141.6,82.52,9.50,130339,1.12,0.19
9/13/2010,6441,1.08%,15141.6,82.52,9.50,130339,1.12,0.19
9/20/2010,6448,1.08%,15141.6,82.52,9.50,130339,1.12,0.19
9/27/2010,6455,1.08%,15141.6,82.52,9.50,130339,1.12,0.19
10/4/2010,6462,1.11%,15309.5,78.09,9.40,130620,1.17,0.19
10/11/2010,6469,1.11%,15309.5,78.09,9.40,130620,1.17,0.19
10/18/2010,6476,1.11%,15309.5,78.09,9.40,130620,1.17,0.19
10/25/2010,6483,1.11%,15309.5,78.09,9.40,130620,1.17,0.19
11/1/2010,6490,1.11%,15309.5,77.30,9.80,130754,1.08,0.19
11/8/2010,6497,1.11%,15309.5,77.30,9.80,130754,1.08,0.19
11/15/2010,6504,1.11%,15309.5,77.30,9.80,130754,1.08,0.19
11/22/2010,6511,1.11%,15309.5,77.30,9.80,130754,1.08,0.19
11/29/2010,6518,1.11%,15309.5,77.30,9.80,130754,1.08,0.19
12/6/2010,6525,1.11%,15309.5,80.71,9.30,130835,1.44,0.18
12/13/2010,6532,1.11%,15309.5,80.71,9.30,130835,1.44,0.18
12/20/2010,6539,1.11%,15309.5,80.71,9.30,130835,1.44,0.18
12/27/2010,6546,1.11%,15309.5,80.71,9.30,130835,1.44,0.18
1/3/2011,6553,0.27%,15351.4,79.13,9.10,130842,1.70,0.17
1/10/2011,6560,0.27%,15351.4,79.13,9.10,130842,1.70,0.17
1/17/2011,6567,0.27%,15351.4,79.13,9.10,130842,1.70,0.17
1/24/2011,6574,0.27%,15351.4,79.13,9.10,130842,1.70,0.17
1/31/2011,6581,0.27%,15351.4,79.13,9.10,130842,1.70,0.17
2/7/2011,6588,0.27%,15351.4,77.07,9.00,131052,2.12,0.16
2/14/2011,6595,0.27%,15351.4,77.07,9.00,131052,2.12,0.16
2/21/2011,6602,0.27%,15351.4,77.07,9.00,131052,2.12,0.16
2/28/2011,6609,0.27%,15351.4,77.07,9.00,131052,2.12,0.16
3/7/2011,6616,0.27%,15351.4,77.05,9.00,131277,2.62,0.14
3/14/2011,6623,0.27%,15351.4,77.05,9.00,131277,2.62,0.14
3/21/2011,6630,0.27%,15351.4,77.05,9.00,131277,2.62,0.14
3/28/2011,6637,0.27%,15351.4,77.05,9.00,131277,2.62,0.14
4/4/2011,6644,1.34%,15557.5,75.83,9.10,131604,3.08,0.10
4/11/2011,6651,1.34%,15557.5,75.83,9.10,131604,3.08,0.10
4/18/2011,6658,1.34%,15557.5,75.83,9.10,131604,3.08,0.10
4/25/2011,6665,1.34%,15557.5,75.83,9.10,131604,3.08,0.10
5/2/2011,6672,1.34%,15557.5,72.95,9.00,131704,3.46,0.09
5/9/2011,6679,1.34%,15557.5,72.95,9.00,131704,3.46,0.09
5/16/2011,6686,1.34%,15557.5,72.95,9.00,131704,3.46,0.09
5/23/2011,6693,1.34%,15557.5,72.95,9.00,131704,3.46,0.09
5/30/2011,6700,1.34%,15557.5,72.95,9.00,131704,3.46,0.09
6/6/2011,6707,1.34%,15557.5,74.68,9.10,131936,3.50,0.09
6/13/2011,6714,1.34%,15557.5,74.68,9.10,131936,3.50,0.09
6/20/2011,6721,1.34%,15557.5,74.68,9.10,131936,3.50,0.09
6/27/2011,6728,1.34%,15557.5,74.68,9.10,131936,3.50,0.09
7/4/2011,6735,0.58%,15647.7,74.35,9.00,131991,3.58,0.07
7/11/2011,6742,0.58%,15647.7,74.35,9.00,131991,3.58,0.07
7/18/2011,6749,0.58%,15647.7,74.35,9.00,131991,3.58,0.07
7/25/2011,6756,0.58%,15647.7,74.35,9.00,131991,3.58,0.07
8/1/2011,6763,0.58%,15647.7,74.26,9.00,132124,3.76,0.10
8/8/2011,6770,0.58%,15647.7,74.26,9.00,132124,3.76,0.10
8/15/2011,6777,0.58%,15647.7,74.26,9.00,132124,3.76,0.10
8/22/2011,6784,0.58%,15647.7,74.26,9.00,132124,3.76,0.10
8/29/2011,6791,0.58%,15647.7,74.26,9.00,132124,3.76,0.10
9/5/2011,6798,0.58%,15647.7,74.48,9.00,132345,3.81,0.08
9/12/2011,6805,0.58%,15647.7,74.48,9.00,132345,3.81,0.08
9/19/2011,6812,0.58%,15647.7,74.48,9.00,132345,3.81,0.08
9/26/2011,6819,0.58%,15647.7,74.48,9.00,132345,3.81,0.08
10/3/2011,6826,1.24%,15842.3,79.45,8.80,132557,3.52,0.07
10/10/2011,6833,1.24%,15842.3,79.45,8.80,132557,3.52,0.07
10/17/2011,6840,1.24%,15842.3,79.45,8.80,132557,3.52,0.07
10/24/2011,6847,1.24%,15842.3,79.45,8.80,132557,3.52,0.07
10/31/2011,6854,1.24%,15842.3,79.45,8.80,132557,3.52,0.07
11/7/2011,6861,1.24%,15842.3,77.26,8.60,132701,3.45,0.08
11/14/2011,6868,1.24%,15842.3,77.26,8.60,132701,3.45,0.08
11/21/2011,6875,1.24%,15842.3,77.26,8.60,132701,3.45,0.08
11/28/2011,6882,1.24%,15842.3,77.26,8.60,132701,3.45,0.08
12/5/2011,6889,1.24%,15842.3,78.32,8.50,132901,3.06,0.07
12/12/2011,6896,1.24%,15842.3,78.32,8.50,132901,3.06,0.07
12/19/2011,6903,1.24%,15842.3,78.32,8.50,132901,3.06,0.07
12/26/2011,6910,1.24%,15842.3,78.32,8.50,132901,3.06,0.07
1/2/2012,6917,1.43%,16068.8,79.61,8.30,133246,3.01,0.08
1/9/2012,6924,1.43%,16068.8,79.61,8.30,133246,3.01,0.08
1/16/2012,6931,1.43%,16068.8,79.61,8.30,133246,3.01,0.08
1/23/2012,6938,1.43%,16068.8,79.61,8.30,133246,3.01,0.08
1/30/2012,6945,1.43%,16068.8,79.61,8.30,133246,3.01,0.08
2/6/2012,6952,1.43%,16068.8,78.92,8.30,133518,2.90,0.10
2/13/2012,6959,1.43%,16068.8,78.92,8.30,133518,2.90,0.10
2/20/2012,6966,1.43%,16068.8,78.92,8.30,133518,2.90,0.10
2/27/2012,6973,1.43%,16068.8,78.92,8.30,133518,2.90,0.10
3/5/2012,6980,1.43%,16068.8,78.78,8.20,133744,2.58,0.13
3/12/2012,6987,1.43%,16068.8,78.78,8.20,133744,2.58,0.13
3/19/2012,6994,1.43%,16068.8,78.78,8.20,133744,2.58,0.13
3/26/2012,7001,1.43%,16068.8,78.78,8.20,133744,2.58,0.13
4/2/2012,7008,0.86%,16207.1,78.82,8.20,133827,2.27,0.14
4/9/2012,7015,0.86%,16207.1,78.82,8.20,133827,2.27,0.14
4/16/2012,7022,0.86%,16207.1,78.82,8.20,133827,2.27,0.14
4/23/2012,7029,0.86%,16207.1,78.82,8.20,133827,2.27,0.14
4/30/2012,7036,0.86%,16207.1,78.82,8.20,133827,2.27,0.14
5/7/2012,7043,0.86%,16207.1,78.86,8.20,133935,1.74,0.16
5/14/2012,7050,0.86%,16207.1,78.86,8.20,133935,1.74,0.16
5/21/2012,7057,0.86%,16207.1,78.86,8.20,133935,1.74,0.16
5/28/2012,7064,0.86%,16207.1,78.86,8.20,133935,1.74,0.16
6/4/2012,7071,0.86%,16207.1,82.89,8.20,134007,1.65,0.16
6/11/2012,7078,0.86%,16207.1,82.89,8.20,134007,1.65,0.16
6/18/2012,7085,0.86%,16207.1,82.89,8.20,134007,1.65,0.16
6/25/2012,7092,0.86%,16207.1,82.89,8.20,134007,1.65,0.16
7/2/2012,7099,0.69%,16319.5,81.87,8.20,134153,1.42,0.16
7/9/2012,7106,0.69%,16319.5,81.87,8.20,134153,1.42,0.16
7/16/2012,7113,0.69%,16319.5,81.87,8.20,134153,1.42,0.16
7/23/2012,7120,0.69%,16319.5,81.87,8.20,134153,1.42,0.16
7/30/2012,7127,0.69%,16319.5,81.87,8.20,134153,1.42,0.16
8/6/2012,7134,0.69%,16319.5,83.06,8.10,134330,1.69,0.13
8/13/2012,7141,0.69%,16319.5,83.06,8.10,134330,1.69,0.13
8/20/2012,7148,0.69%,16319.5,83.06,8.10,134330,1.69,0.13
8/27/2012,7155,0.69%,16319.5,83.06,8.10,134330,1.69,0.13
9/3/2012,7162,0.69%,16319.5,81.32,7.80,134512,1.95,0.14
9/10/2012,7169,0.69%,16319.5,81.32,7.80,134512,1.95,0.14
9/17/2012,7176,0.69%,16319.5,81.32,7.80,134512,1.95,0.14
9/24/2012,7183,0.69%,16319.5,81.32,7.80,134512,1.95,0.14
10/1/2012,7190,0.62%,16420.4,79.82,7.80,134671,2.16,0.16
10/8/2012,7197,0.62%,16420.4,79.82,7.80,134671,2.16,0.16
10/15/2012,7204,0.62%,16420.4,79.82,7.80,134671,2.16,0.16
10/22/2012,7211,0.62%,16420.4,79.82,7.80,134671,2.16,0.16
10/29/2012,7218,0.62%,16420.4,79.82,7.80,134671,2.16,0.16
11/5/2012,7225,0.62%,16420.4,80.05,7.70,134834,1.80,0.16
11/12/2012,7232,0.62%,16420.4,80.05,7.70,134834,1.80,0.16
11/19/2012,7239,0.62%,16420.4,80.05,7.70,134834,1.80,0.16
11/26/2012,7246,0.62%,16420.4,80.05,7.70,134834,1.80,0.16
12/3/2012,7253,0.62%,16420.4,79.88,7.90,135075,1.76,0.16
12/10/2012,7260,0.62%,16420.4,79.88,7.90,135075,1.76,0.16
12/17/2012,7267,0.62%,16420.4,79.88,7.90,135075,1.76,0.16
12/24/2012,7274,0.62%,16420.4,79.88,7.90,135075,1.76,0.16
12/31/2012,7281,0.62%,16420.4,79.88,7.90,135075,1.76,0.16
1/7/2013,7288,1.27%,16629.1,79.85,8.00,135265,1.68,0.14
1/14/2013,7295,1.27%,16629.1,79.85,8.00,135265,1.68,0.14
1/21/2013,7302,1.27%,16629.1,79.85,8.00,135265,1.68,0.14
1/28/2013,7309,1.27%,16629.1,79.85,8.00,135265,1.68,0.14
2/4/2013,7316,1.27%,16629.1,79.13,7.70,135544,2.02,0.15
2/11/2013,7323,1.27%,16629.1,79.13,7.70,135544,2.02,0.15
2/18/2013,7330,1.27%,16629.1,79.13,7.70,135544,2.02,0.15
2/25/2013,7337,1.27%,16629.1,79.13,7.70,135544,2.02,0.15
3/4/2013,7344,1.27%,16629.1,82.31,7.50,135689,1.52,0.14
3/11/2013,7351,1.27%,16629.1,82.31,7.50,135689,1.52,0.14
3/18/2013,7358,1.27%,16629.1,82.31,7.50,135689,1.52,0.14
3/25/2013,7365,1.27%,16629.1,82.31,7.50,135689,1.52,0.14
4/1/2013,7372,0.42%,16699.6,82.73,7.60,135876,1.14,0.15
4/8/2013,7379,0.42%,16699.6,82.73,7.60,135876,1.14,0.15
4/15/2013,7386,0.42%,16699.6,82.73,7.60,135876,1.14,0.15
4/22/2013,7393,0.42%,16699.6,82.73,7.60,135876,1.14,0.15
4/29/2013,7400,0.42%,16699.6,82.73,7.60,135876,1.14,0.15
5/6/2013,7407,0.42%,16699.6,81.64,7.50,136091,1.39,0.11
5/13/2013,7414,0.42%,16699.6,81.64,7.50,136091,1.39,0.11
5/20/2013,7421,0.42%,16699.6,81.64,7.50,136091,1.39,0.11
5/27/2013,7428,0.42%,16699.6,81.64,7.50,136091,1.39,0.11
6/3/2013,7435,0.42%,16699.6,82.68,7.50,136269,1.72,0.09
6/10/2013,7442,0.42%,16699.6,82.68,7.50,136269,1.72,0.09
6/17/2013,7449,0.42%,16699.6,82.68,7.50,136269,1.72,0.09
6/24/2013,7456,0.42%,16699.6,82.68,7.50,136269,1.72,0.09
7/1/2013,7463,1.27%,16911.1,82.98,7.30,136391,1.89,0.09
7/8/2013,7470,1.27%,16911.1,82.98,7.30,136391,1.89,0.09
7/15/2013,7477,1.27%,16911.1,82.98,7.30,136391,1.89,0.09
7/22/2013,7484,1.27%,16911.1,82.98,7.30,136391,1.89,0.09
7/29/2013,7491,1.27%,16911.1,82.98,7.30,136391,1.89,0.09
8/5/2013,7498,1.27%,16911.1,82.34,7.20,136635,1.54,0.08
8/12/2013,7505,1.27%,16911.1,82.34,7.20,136635,1.54,0.08
8/19/2013,7512,1.27%,16911.1,82.34,7.20,136635,1.54,0.08
8/26/2013,7519,1.27%,16911.1,82.34,7.20,136635,1.54,0.08
9/2/2013,7526,1.27%,16911.1,82.36,7.20,136819,1.09,0.08
9/9/2013,7533,1.27%,16911.1,82.36,7.20,136819,1.09,0.08
9/16/2013,7540,1.27%,16911.1,82.36,7.20,136819,1.09,0.08
9/23/2013,7547,1.27%,16911.1,82.36,7.20,136819,1.09,0.08
9/30/2013,7554,1.27%,16911.1,82.36,7.20,136819,1.09,0.08
10/7/2013,7561,1.31%,17133.1,80.10,7.20,137039,0.88,0.09
10/14/2013,7568,1.31%,17133.1,80.10,7.20,137039,0.88,0.09
10/21/2013,7575,1.31%,17133.1,80.10,7.20,137039,0.88,0.09
10/28/2013,7582,1.31%,17133.1,80.10,7.20,137039,0.88,0.09
11/4/2013,7589,1.31%,17133.1,80.73,6.90,137314,1.23,0.08
11/11/2013,7596,1.31%,17133.1,80.73,6.90,137314,1.23,0.08
11/18/2013,7603,1.31%,17133.1,80.73,6.90,137314,1.23,0.08
11/25/2013,7610,1.31%,17133.1,80.73,6.90,137314,1.23,0.08
12/2/2013,7617,1.31%,17133.1,80.91,6.70,137368,1.51,0.09
12/9/2013,7624,1.31%,17133.1,80.91,6.70,137368,1.51,0.09
12/16/2013,7631,1.31%,17133.1,80.91,6.70,137368,1.51,0.09
12/23/2013,7638,1.31%,17133.1,80.91,6.70,137368,1.51,0.09
12/30/2013,7645,1.31%,17133.1,80.91,6.70,137368,1.51,0.09
1/6/2014,7652,0.07%,17144.3,80.63,6.60,137552,1.56,0.07
1/13/2014,7659,0.07%,17144.3,80.63,6.60,137552,1.56,0.07
1/20/2014,7666,0.07%,17144.3,80.63,6.60,137552,1.56,0.07
1/27/2014,7673,0.07%,17144.3,80.63,6.60,137552,1.56,0.07
2/3/2014,7680,0.07%,17144.3,81.01,6.70,137707,1.12,0.07
2/10/2014,7687,0.07%,17144.3,81.01,6.70,137707,1.12,0.07
2/17/2014,7694,0.07%,17144.3,81.01,6.70,137707,1.12,0.07
2/24/2014,7701,0.07%,17144.3,81.01,6.70,137707,1.12,0.07
3/3/2014,7708,0.07%,17144.3,80.07,6.70,137986,1.61,0.08
3/10/2014,7715,0.07%,17144.3,80.07,6.70,137986,1.61,0.08
3/17/2014,7722,0.07%,17144.3,80.07,6.70,137986,1.61,0.08
3/24/2014,7729,0.07%,17144.3,80.07,6.70,137986,1.61,0.08
3/31/2014,7736,0.07%,17144.3,80.07,6.70,137986,1.61,0.08
4/7/2014,7743,1.86%,17462.7,80.08,6.20,138298,2.02,0.09
4/14/2014,7750,1.86%,17462.7,80.08,6.20,138298,2.02,0.09
4/21/2014,7757,1.86%,17462.7,80.08,6.20,138298,2.02,0.09
4/28/2014,7764,1.86%,17462.7,80.08,6.20,138298,2.02,0.09
5/5/2014,7771,1.86%,17462.7,79.53,6.30,138501,2.17,0.09
5/12/2014,7778,1.86%,17462.7,79.53,6.30,138501,2.17,0.09
5/19/2014,7785,1.86%,17462.7,79.53,6.30,138501,2.17,0.09
5/26/2014,7792,1.86%,17462.7,79.53,6.30,138501,2.17,0.09
6/2/2014,7799,1.86%,17462.7,80.64,6.10,138833,2.06,0.10
6/9/2014,7806,1.86%,17462.7,80.64,6.10,138833,2.06,0.10
6/16/2014,7813,1.86%,17462.7,80.64,6.10,138833,2.06,0.10
6/23/2014,7820,1.86%,17462.7,80.64,6.10,138833,2.06,0.10
6/30/2014,7827,1.86%,17462.7,80.64,6.10,138833,2.06,0.10
7/7/2014,7834,1.61%,17743.2,79.82,6.20,139076,1.97,0.09
7/14/2014,7841,1.61%,17743.2,79.82,6.20,139076,1.97,0.09
7/21/2014,7848,1.61%,17743.2,79.82,6.20,139076,1.97,0.09
7/28/2014,7855,1.61%,17743.2,79.82,6.20,139076,1.97,0.09
8/4/2014,7862,1.61%,17743.2,81.30,6.10,139258,1.72,0.09
8/11/2014,7869,1.61%,17743.2,81.30,6.10,139258,1.72,0.09
8/18/2014,7876,1.61%,17743.2,81.30,6.10,139258,1.72,0.09
8/25/2014,7883,1.61%,17743.2,81.30,6.10,139258,1.72,0.09
9/1/2014,7890,1.61%,17743.2,82.99,5.90,139563,1.68,0.09
9/8/2014,7897,1.61%,17743.2,82.99,5.90,139563,1.68,0.09
9/15/2014,7904,1.61%,17743.2,82.99,5.90,139563,1.68,0.09
9/22/2014,7911,1.61%,17743.2,82.99,5.90,139563,1.68,0.09
9/29/2014,7918,1.61%,17743.2,82.99,5.90,139563,1.68,0.09
10/6/2014,7925,0.62%,17852.5,85.97,5.70,139805,1.61,0.09
10/13/2014,7932,0.62%,17852.5,85.97,5.70,139805,1.61,0.09
10/20/2014,7939,0.62%,17852.5,85.97,5.70,139805,1.61,0.09
10/27/2014,7946,0.62%,17852.5,85.97,5.70,139805,1.61,0.09
11/3/2014,7953,0.62%,17852.5,87.31,5.80,140089,1.23,0.09
11/10/2014,7960,0.62%,17852.5,87.31,5.80,140089,1.23,0.09
11/17/2014,7967,0.62%,17852.5,87.31,5.80,140089,1.23,0.09
11/24/2014,7974,0.62%,17852.5,87.31,5.80,140089,1.23,0.09
12/1/2014,7981,0.62%,17852.5,87.95,5.60,140366,0.65,0.12
12/8/2014,7988,0.62%,17852.5,87.95,5.60,140366,0.65,0.12
12/15/2014,7995,0.62%,17852.5,87.95,5.60,140366,0.65,0.12
12/22/2014,8002,0.62%,17852.5,87.95,5.60,140366,0.65,0.12
12/29/2014,8009,0.62%,17852.5,87.95,5.60,140366,0.65,0.12
1/5/2015,8016,0.78%,17991.3,91.08,5.70,140562,-0.23,0.11
1/12/2015,8023,0.78%,17991.3,91.08,5.70,140562,-0.23,0.11
1/19/2015,8030,0.78%,17991.3,91.08,5.70,140562,-0.23,0.11
1/26/2015,8037,0.78%,17991.3,91.08,5.70,140562,-0.23,0.11
2/2/2015,8044,0.78%,17991.3,94.50,5.50,140829,-0.09,0.11
2/9/2015,8051,0.78%,17991.3,94.50,5.50,140829,-0.09,0.11
2/16/2015,8058,0.78%,17991.3,94.50,5.50,140829,-0.09,0.11
2/23/2015,8065,0.78%,17991.3,94.50,5.50,140829,-0.09,0.11
3/2/2015,8072,0.78%,17991.3,95.46,5.40,140924,-0.02,0.11
3/9/2015,8079,0.78%,17991.3,95.46,5.40,140924,-0.02,0.11
3/16/2015,8086,0.78%,17991.3,95.46,5.40,140924,-0.02,0.11
3/23/2015,8093,0.78%,17991.3,95.46,5.40,140924,-0.02,0.11
3/30/2015,8100,0.78%,17991.3,95.46,5.40,140924,-0.02,0.11
4/6/2015,8107,1.12%,18193.7,98.19,5.40,141202,-0.10,0.12
4/13/2015,8114,1.12%,18193.7,98.19,5.40,141202,-0.10,0.12
4/20/2015,8121,1.12%,18193.7,98.19,5.40,141202,-0.10,0.12
4/27/2015,8128,1.12%,18193.7,98.19,5.40,141202,-0.10,0.12
5/4/2015,8135,1.12%,18193.7,95.30,5.60,141540,0.04,0.12
5/11/2015,8142,1.12%,18193.7,95.30,5.60,141540,0.04,0.12
5/18/2015,8149,1.12%,18193.7,95.30,5.60,141540,0.04,0.12
5/25/2015,8156,1.12%,18193.7,95.30,5.60,141540,0.04,0.12
6/1/2015,8163,1.12%,18193.7,97.39,5.30,141695,0.18,0.13
6/8/2015,8170,1.12%,18193.7,97.39,5.30,141695,0.18,0.13
6/15/2015,8177,1.12%,18193.7,97.39,5.30,141695,0.18,0.13
6/22/2015,8184,1.12%,18193.7,97.39,5.30,141695,0.18,0.13
6/29/2015,8191,1.12%,18193.7,97.39,5.30,141695,0.18,0.13
7/6/2015,8198,0.62%,18307,96.31,5.20,141989,0.23,0.13
7/13/2015,8205,0.62%,18307,96.31,5.20,141989,0.23,0.13
7/20/2015,8212,0.62%,18307,96.31,5.20,141989,0.23,0.13
7/27/2015,8219,0.62%,18307,96.31,5.20,141989,0.23,0.13
8/3/2015,8226,0.62%,18307,97.49,5.10,142130,0.24,0.14
8/10/2015,8233,0.62%,18307,97.49,5.10,142130,0.24,0.14
8/17/2015,8240,0.62%,18307,97.49,5.10,142130,0.24,0.14
8/24/2015,8247,0.62%,18307,97.49,5.10,142130,0.24,0.14
8/31/2015,8254,0.62%,18307,97.49,5.10,142130,0.24,0.14
9/7/2015,8261,0.62%,18307,95.45,5.00,142265,0.01,0.14
9/14/2015,8268,0.62%,18307,95.45,5.00,142265,0.01,0.14
9/21/2015,8275,0.62%,18307,95.45,5.00,142265,0.01,0.14
9/28/2015,8282,0.62%,18307,95.45,5.00,142265,0.01,0.14
10/5/2015,8289,0.14%,18332.1,96.19,5.00,142585,0.13,0.12
10/12/2015,8296,0.14%,18332.1,96.19,5.00,142585,0.13,0.12
10/19/2015,8303,0.14%,18332.1,96.19,5.00,142585,0.13,0.12
10/26/2015,8310,0.14%,18332.1,96.19,5.00,142585,0.13,0.12
11/2/2015,8317,0.14%,18332.1,96.93,5.10,142810,0.44,0.12
11/9/2015,8324,0.14%,18332.1,96.93,5.10,142810,0.44,0.12
11/16/2015,8331,0.14%,18332.1,96.93,5.10,142810,0.44,0.12
11/23/2015,8338,0.14%,18332.1,96.93,5.10,142810,0.44,0.12
11/30/2015,8345,0.14%,18332.1,96.93,5.10,142810,0.44,0.12
12/7/2015,8352,0.14%,18332.1,99.80,5.00,143083,0.64,0.24
12/14/2015,8359,0.14%,18332.1,99.80,5.00,143083,0.64,0.24
12/21/2015,8366,0.14%,18332.1,99.80,5.00,143083,0.64,0.24
12/28/2015,8373,0.14%,18332.1,99.80,5.00,143083,0.64,0.24
1/4/2016,8380,0.51%,18425.3,98.87,4.80,143198,1.24,0.34
1/11/2016,8387,0.51%,18425.3,98.87,4.80,143198,1.24,0.34
1/18/2016,8394,0.51%,18425.3,98.87,4.80,143198,1.24,0.34
1/25/2016,8401,0.51%,18425.3,98.87,4.80,143198,1.24,0.34
2/1/2016,8408,0.51%,18425.3,99.00,4.90,143410,0.85,0.38
2/8/2016,8415,0.51%,18425.3,99.00,4.90,143410,0.85,0.38
2/15/2016,8422,0.51%,18425.3,99.00,4.90,143410,0.85,0.38
2/22/2016,8429,0.51%,18425.3,99.00,4.90,143410,0.85,0.38
2/29/2016,8436,0.51%,18425.3,99.00,4.90,143410,0.85,0.38
3/7/2016,8443,0.51%,18425.3,98.35,5.00,143666,0.89,0.36
3/14/2016,8450,0.51%,18425.3,98.35,5.00,143666,0.89,0.36
3/21/2016,8457,0.51%,18425.3,98.35,5.00,143666,0.89,0.36
3/28/2016,8464,0.51%,18425.3,98.35,5.00,143666,0.89,0.36
4/4/2016,8471,1.01%,18611.6,94.62,5.10,143856,1.17,0.37
4/11/2016,8478,1.01%,18611.6,94.62,5.10,143856,1.17,0.37
4/18/2016,8485,1.01%,18611.6,94.62,5.10,143856,1.17,0.37
4/25/2016,8492,1.01%,18611.6,94.62,5.10,143856,1.17,0.37
5/2/2016,8499,1.01%,18611.6,92.63,4.80,143901,1.08,0.37
5/9/2016,8506,1.01%,18611.6,92.63,4.80,143901,1.08,0.37
5/16/2016,8513,1.01%,18611.6,92.63,4.80,143901,1.08,0.37
5/23/2016,8520,1.01%,18611.6,92.63,4.80,143901,1.08,0.37
5/30/2016,8527,1.01%,18611.6,92.63,4.80,143901,1.08,0.37
6/6/2016,8534,1.01%,18611.6,95.46,4.90,144152,1.08,0.38
6/13/2016,8541,1.01%,18611.6,95.46,4.90,144152,1.08,0.38
6/20/2016,8548,1.01%,18611.6,95.46,4.90,144152,1.08,0.38
6/27/2016,8555,1.01%,18611.6,95.46,4.90,144152,1.08,0.38
7/4/2016,8562,0.88%,18775.5,95.65,4.80,144515,0.87,0.39
7/11/2016,8569,0.88%,18775.5,95.65,4.80,144515,0.87,0.39
7/18/2016,8576,0.88%,18775.5,95.65,4.80,144515,0.87,0.39
7/25/2016,8583,0.88%,18775.5,95.65,4.80,144515,0.87,0.39
8/1/2016,8590,0.88%,18775.5,95.71,4.90,144664,1.06,0.40
8/8/2016,8597,0.88%,18775.5,95.71,4.90,144664,1.06,0.40
8/15/2016,8604,0.88%,18775.5,95.71,4.90,144664,1.06,0.40
8/22/2016,8611,0.88%,18775.5,95.71,4.90,144664,1.06,0.40
8/29/2016,8618,0.88%,18775.5,95.71,4.90,144664,1.06,0.40
9/5/2016,8625,0.88%,18775.5,95.65,5.00,144961,1.55,0.40
9/12/2016,8632,0.88%,18775.5,95.65,5.00,144961,1.55,0.40
9/19/2016,8639,0.88%,18775.5,95.65,5.00,144961,1.55,0.40
9/26/2016,8646,0.88%,18775.5,95.65,5.00,144961,1.55,0.40
10/3/2016,8653,1.03%,18968,95.75,4.90,145069,1.69,0.40
10/10/2016,8660,1.03%,18968,95.75,4.90,145069,1.69,0.40
10/17/2016,8667,1.03%,18968,95.75,4.90,145069,1.69,0.40
10/24/2016,8674,1.03%,18968,95.75,4.90,145069,1.69,0.40
10/31/2016,8681,1.03%,18968,95.75,4.90,145069,1.69,0.40
11/7/2016,8688,1.03%,18968,97.70,4.70,145189,1.68,0.41
11/14/2016,8695,1.03%,18968,97.70,4.70,145189,1.68,0.41
11/21/2016,8702,1.03%,18968,97.70,4.70,145189,1.68,0.41
11/28/2016,8709,1.03%,18968,97.70,4.70,145189,1.68,0.41
12/5/2016,8716,1.03%,18968,101.04,4.70,145408,2.05,0.54
12/12/2016,8723,1.03%,18968,101.04,4.70,145408,2.05,0.54
12/19/2016,8730,1.03%,18968,101.04,4.70,145408,2.05,0.54
12/26/2016,8737,1.03%,18968,101.04,4.70,145408,2.05,0.54
1/2/2017,8744,0.95%,19148.2,103.21,4.70,145639,2.51,0.65
1/9/2017,8751,0.95%,19148.2,103.21,4.70,145639,2.51,0.65
1/16/2017,8758,0.95%,19148.2,103.21,4.70,145639,2.51,0.65
1/23/2017,8765,0.95%,19148.2,103.21,4.70,145639,2.51,0.65
1/30/2017,8772,0.95%,19148.2,103.21,4.70,145639,2.51,0.65
2/6/2017,8779,0.95%,19148.2,99.64,4.60,145845,2.81,0.66
2/13/2017,8786,0.95%,19148.2,99.64,4.60,145845,2.81,0.66
2/20/2017,8793,0.95%,19148.2,99.64,4.60,145845,2.81,0.66
2/27/2017,8800,0.95%,19148.2,99.64,4.60,145845,2.81,0.66
3/6/2017,8807,0.95%,19148.2,101.78,4.40,145975,2.44,0.79
3/13/2017,8814,0.95%,19148.2,101.78,4.40,145975,2.44,0.79
3/20/2017,8821,0.95%,19148.2,101.78,4.40,145975,2.44,0.79
3/27/2017,8828,0.95%,19148.2,101.78,4.40,145975,2.44,0.79
4/3/2017,8835,0.82%,19304.5,100.54,4.40,146172,2.18,0.90
4/10/2017,8842,0.82%,19304.5,100.54,4.40,146172,2.18,0.90
4/17/2017,8849,0.82%,19304.5,100.54,4.40,146172,2.18,0.90
4/24/2017,8856,0.82%,19304.5,100.54,4.40,146172,2.18,0.90
5/1/2017,8863,0.82%,19304.5,99.14,4.40,146389,1.86,0.91
5/8/2017,8870,0.82%,19304.5,99.14,4.40,146389,1.86,0.91
5/15/2017,8877,0.82%,19304.5,99.14,4.40,146389,1.86,0.91
5/22/2017,8884,0.82%,19304.5,99.14,4.40,146389,1.86,0.91
5/29/2017,8891,0.82%,19304.5,99.14,4.40,146389,1.86,0.91
6/5/2017,8898,0.82%,19304.5,97.20,4.30,146588,1.64,1.04
6/12/2017,8905,0.82%,19304.5,97.20,4.30,146588,1.64,1.04
6/19/2017,8912,0.82%,19304.5,97.20,4.30,146588,1.64,1.04
6/26/2017,8919,0.82%,19304.5,97.20,4.30,146588,1.64,1.04
7/3/2017,8926,1.33%,19561.9,96.20,4.30,146772,1.73,1.15
7/10/2017,8933,1.33%,19561.9,96.20,4.30,146772,1.73,1.15
7/17/2017,8940,1.33%,19561.9,96.20,4.30,146772,1.73,1.15
7/24/2017,8947,1.33%,19561.9,96.20,4.30,146772,1.73,1.15
7/31/2017,8954,1.33%,19561.9,96.20,4.30,146772,1.73,1.15
8/7/2017,8961,1.33%,19561.9,93.03,4.40,146907,1.93,1.16
8/14/2017,8968,1.33%,19561.9,93.03,4.40,146907,1.93,1.16
8/21/2017,8975,1.33%,19561.9,93.03,4.40,146907,1.93,1.16
8/28/2017,8982,1.33%,19561.9,93.03,4.40,146907,1.93,1.16
9/4/2017,8989,1.33%,19561.9,92.81,4.30,146999,2.18,1.15
9/11/2017,8996,1.33%,19561.9,92.81,4.30,146999,2.18,1.15
9/18/2017,9003,1.33%,19561.9,92.81,4.30,146999,2.18,1.15
9/25/2017,9010,1.33%,19561.9,92.81,4.30,146999,2.18,1.15
10/2/2017,9017,1.70%,19894.8,93.56,4.20,147147,2.02,1.15
10/9/2017,9024,1.70%,19894.8,93.56,4.20,147147,2.02,1.15
10/16/2017,9031,1.70%,19894.8,93.56,4.20,147147,2.02,1.15
10/23/2017,9038,1.70%,19894.8,93.56,4.20,147147,2.02,1.15
10/30/2017,9045,1.70%,19894.8,93.56,4.20,147147,2.02,1.15
11/6/2017,9052,1.70%,19894.8,94.82,4.20,147377,2.17,1.16
11/13/2017,9059,1.70%,19894.8,94.82,4.20,147377,2.17,1.16
11/20/2017,9066,1.70%,19894.8,94.82,4.20,147377,2.17,1.16
11/27/2017,9073,1.70%,19894.8,94.82,4.20,147377,2.17,1.16
12/4/2017,9080,1.70%,19894.8,92.90,4.10,147521,2.13,1.30
12/11/2017,9087,1.70%,19894.8,92.90,4.10,147521,2.13,1.30
12/18/2017,9094,1.70%,19894.8,92.90,4.10,147521,2.13,1.30
12/25/2017,9101,1.70%,19894.8,92.90,4.10,147521,2.13,1.30
1/1/2018,9108,1.31%,20155.5,91.85,4.00,147670,2.15,1.41
1/8/2018,9115,1.31%,20155.5,91.85,4.00,147670,2.15,1.41
1/15/2018,9122,1.31%,20155.5,91.85,4.00,147670,2.15,1.41
1/22/2018,9129,1.31%,20155.5,91.85,4.00,147670,2.15,1.41
1/29/2018,9136,1.31%,20155.5,91.85,4.00,147670,2.15,1.41
2/5/2018,9143,1.31%,20155.5,88.67,4.10,148058,2.26,1.42
2/12/2018,9150,1.31%,20155.5,88.67,4.10,148058,2.26,1.42
2/19/2018,9157,1.31%,20155.5,88.67,4.10,148058,2.26,1.42
2/26/2018,9164,1.31%,20155.5,88.67,4.10,148058,2.26,1.42
3/5/2018,9171,1.31%,20155.5,90.32,4.00,148281,2.33,1.51
3/12/2018,9178,1.31%,20155.5,90.32,4.00,148281,2.33,1.51
3/19/2018,9185,1.31%,20155.5,90.32,4.00,148281,2.33,1.51
3/26/2018,9192,1.31%,20155.5,90.32,4.00,148281,2.33,1.51
4/2/2018,9199,1.56%,20470.2,90.05,4.00,148426,2.47,1.69
4/9/2018,9206,1.56%,20470.2,90.05,4.00,148426,2.47,1.69
4/16/2018,9213,1.56%,20470.2,90.05,4.00,148426,2.47,1.69
4/23/2018,9220,1.56%,20470.2,90.05,4.00,148426,2.47,1.69
4/30/2018,9227,1.56%,20470.2,90.05,4.00,148426,2.47,1.69
5/7/2018,9234,1.56%,20470.2,92.45,3.80,148755,2.78,1.70
5/14/2018,9241,1.56%,20470.2,92.45,3.80,148755,2.78,1.70
5/21/2018,9248,1.56%,20470.2,92.45,3.80,148755,2.78,1.70
5/28/2018,9255,1.56%,20470.2,92.45,3.80,148755,2.78,1.70
6/4/2018,9262,1.56%,20470.2,94.19,4.00,148966,2.81,1.82
6/11/2018,9269,1.56%,20470.2,94.19,4.00,148966,2.81,1.82
6/18/2018,9276,1.56%,20470.2,94.19,4.00,148966,2.81,1.82
6/25/2018,9283,1.56%,20470.2,94.19,4.00,148966,2.81,1.82
7/2/2018,9290,1.06%,20687.3,94.87,3.80,149022,2.85,1.91
7/9/2018,9297,1.06%,20687.3,94.87,3.80,149022,2.85,1.91
7/16/2018,9304,1.06%,20687.3,94.87,3.80,149022,2.85,1.91
7/23/2018,9311,1.06%,20687.3,94.87,3.80,149022,2.85,1.91
7/30/2018,9318,1.06%,20687.3,94.87,3.80,149022,2.85,1.91
8/6/2018,9325,1.06%,20687.3,94.62,3.80,149272,2.64,1.91
8/13/2018,9332,1.06%,20687.3,94.62,3.80,149272,2.64,1.91
8/20/2018,9339,1.06%,20687.3,94.62,3.80,149272,2.64,1.91
8/27/2018,9346,1.06%,20687.3,94.62,3.80,149272,2.64,1.91
9/3/2018,9353,1.06%,20687.3,95.42,3.70,149361,2.33,1.95
9/10/2018,9360,1.06%,20687.3,95.42,3.70,149361,2.33,1.95
9/17/2018,9367,1.06%,20687.3,95.42,3.70,149361,2.33,1.95
9/24/2018,9374,1.06%,20687.3,95.42,3.70,149361,2.33,1.95
10/1/2018,9381,0.64%,20819.3,95.30,3.80,149526,2.49,2.19
10/8/2018,9388,0.64%,20819.3,95.30,3.80,149526,2.49,2.19
10/15/2018,9395,0.64%,20819.3,95.30,3.80,149526,2.49,2.19
10/22/2018,9402,0.64%,20819.3,95.30,3.80,149526,2.49,2.19
10/29/2018,9409,0.64%,20819.3,95.30,3.80,149526,2.49,2.19
11/5/2018,9416,0.64%,20819.3,96.28,3.80,149622,2.15,2.20
11/12/2018,9423,0.64%,20819.3,96.28,3.80,149622,2.15,2.20
11/19/2018,9430,0.64%,20819.3,96.28,3.80,149622,2.15,2.20
11/26/2018,9437,0.64%,20819.3,96.28,3.80,149622,2.15,2.20
12/3/2018,9444,0.64%,20819.3,97.04,3.90,149805,2.00,2.27
12/10/2018,9451,0.64%,20819.3,97.04,3.90,149805,2.00,2.27
12/17/2018,9458,0.64%,20819.3,97.04,3.90,149805,2.00,2.27
12/24/2018,9465,0.64%,20819.3,97.04,3.90,149805,2.00,2.27
12/31/2018,9472,0.64%,20819.3,97.04,3.90,149805,2.00,2.27
1/7/2019,9479,0.93%,21013.1,96.82,4.00,150114,1.55,2.40
1/14/2019,9486,0.93%,21013.1,96.82,4.00,150114,1.55,2.40
1/21/2019,9493,0.93%,21013.1,96.82,4.00,150114,1.55,2.40
1/28/2019,9500,0.93%,21013.1,96.82,4.00,150114,1.55,2.40
2/4/2019,9507,0.93%,21013.1,95.58,3.80,150092,1.52,2.40
2/11/2019,9514,0.93%,21013.1,95.58,3.80,150092,1.52,2.40
2/18/2019,9521,0.93%,21013.1,95.58,3.80,150092,1.52,2.40
2/25/2019,9528,0.93%,21013.1,95.58,3.80,150092,1.52,2.40
3/4/2019,9535,0.93%,21013.1,96.53,3.80,150320,1.85,2.41
3/11/2019,9542,0.93%,21013.1,96.53,3.80,150320,1.85,2.41
3/18/2019,9549,0.93%,21013.1,96.53,3.80,150320,1.85,2.41
3/25/2019,9556,0.93%,21013.1,96.53,3.80,150320,1.85,2.41
4/1/2019,9563,1.23%,21272.4,97.25,3.60,150563,1.99,2.42
4/8/2019,9570,1.23%,21272.4,97.25,3.60,150563,1.99,2.42
4/15/2019,9577,1.23%,21272.4,97.25,3.60,150563,1.99,2.42
4/22/2019,9584,1.23%,21272.4,97.25,3.60,150563,1.99,2.42
4/29/2019,9591,1.23%,21272.4,97.25,3.60,150563,1.99,2.42
5/6/2019,9598,1.23%,21272.4,97.69,3.70,150630,1.79,2.39
5/13/2019,9605,1.23%,21272.4,97.69,3.70,150630,1.79,2.39
5/20/2019,9612,1.23%,21272.4,97.69,3.70,150630,1.79,2.39
5/27/2019,9619,1.23%,21272.4,97.69,3.70,150630,1.79,2.39
6/3/2019,9626,1.23%,21272.4,97.14,3.60,150797,1.65,2.38
6/10/2019,9633,1.23%,21272.4,97.14,3.60,150797,1.65,2.38
6/17/2019,9640,1.23%,21272.4,97.14,3.60,150797,1.65,2.38
6/24/2019,9647,1.23%,21272.4,97.14,3.60,150797,1.65,2.38
7/1/2019,9654,1.22%,21531.8,96.84,3.70,150879,1.78,2.40
7/8/2019,9661,1.22%,21531.8,96.84,3.70,150879,1.78,2.40
7/15/2019,9668,1.22%,21531.8,96.84,3.70,150879,1.78,2.40
7/22/2019,9675,1.22%,21531.8,96.84,3.70,150879,1.78,2.40
7/29/2019,9682,1.22%,21531.8,96.84,3.70,150879,1.78,2.40
8/5/2019,9689,1.22%,21531.8,98.39,3.70,151111,1.75,2.13
8/12/2019,9696,1.22%,21531.8,98.39,3.70,151111,1.75,2.13
8/19/2019,9703,1.22%,21531.8,98.39,3.70,151111,1.75,2.13
8/26/2019,9710,1.22%,21531.8,98.39,3.70,151111,1.75,2.13
9/2/2019,9717,1.22%,21531.8,98.95,3.50,151318,1.72,2.04
9/9/2019,9724,1.22%,21531.8,98.95,3.50,151318,1.72,2.04
9/16/2019,9731,1.22%,21531.8,98.95,3.50,151318,1.72,2.04
9/23/2019,9738,1.22%,21531.8,98.95,3.50,151318,1.72,2.04
9/30/2019,9745,1.22%,21531.8,98.95,3.50,151318,1.72,2.04
10/7/2019,9752,0.81%,21706.5,99.13,3.60,151447,1.77,1.83
10/14/2019,9759,0.81%,21706.5,99.13,3.60,151447,1.77,1.83
10/21/2019,9766,0.81%,21706.5,99.13,3.60,151447,1.77,1.83
10/28/2019,9773,0.81%,21706.5,99.13,3.60,151447,1.77,1.83
11/4/2019,9780,0.81%,21706.5,97.24,3.60,151662,2.06,1.55
11/11/2019,9787,0.81%,21706.5,97.24,3.60,151662,2.06,1.55
11/18/2019,9794,0.81%,21706.5,97.24,3.60,151662,2.06,1.55
11/25/2019,9801,0.81%,21706.5,97.24,3.60,151662,2.06,1.55
12/2/2019,9808,0.81%,21706.5,97.86,3.60,151764,2.31,1.55
12/9/2019,9815,0.81%,21706.5,97.86,3.60,151764,2.31,1.55
12/16/2019,9822,0.81%,21706.5,97.86,3.60,151764,2.31,1.55
12/23/2019,9829,0.81%,21706.5,97.86,3.60,151764,2.31,1.55
12/30/2019,9836,0.81%,21706.5,97.86,3.60,151764,2.31,1.55
1/6/2020,9843,-0.78%,21538,96.85,3.50,152098,2.50,1.55
1/13/2020,9850,-0.78%,21538,96.85,3.50,152098,2.50,1.55
1/20/2020,9857,-0.78%,21538,96.85,3.50,152098,2.50,1.55
1/27/2020,9864,-0.78%,21538,96.85,3.50,152098,2.50,1.55
2/3/2020,9871,-0.78%,21538,97.80,3.50,152371,2.34,1.58
2/10/2020,9878,-0.78%,21538,97.80,3.50,152371,2.34,1.58
2/17/2020,9885,-0.78%,21538,97.80,3.50,152371,2.34,1.58
2/24/2020,9892,-0.78%,21538,97.80,3.50,152371,2.34,1.58
3/2/2020,9899,-0.78%,21538,97.36,4.40,150944,1.54,0.65
3/9/2020,9906,-0.78%,21538,97.36,4.40,150944,1.54,0.65
3/16/2020,9913,-0.78%,21538,97.36,4.40,150944,1.54,0.65
3/23/2020,9920,-0.78%,21538,97.36,4.40,150944,1.54,0.65
3/30/2020,9927,-0.78%,21538,97.36,4.40,150944,1.54,0.65
4/6/2020,9934,-8.83%,19636.7,99.67,14.70,130430,0.35,0.05
4/13/2020,9941,-8.83%,19636.7,99.67,14.70,130430,0.35,0.05
4/20/2020,9948,-8.83%,19636.7,99.67,14.70,130430,0.35,0.05
4/27/2020,9955,-8.83%,19636.7,99.67,14.70,130430,0.35,0.05
5/4/2020,9962,-8.83%,19636.7,98.80,13.20,133055,0.23,0.05
5/11/2020,9969,-8.83%,19636.7,98.80,13.20,133055,0.23,0.05
5/18/2020,9976,-8.83%,19636.7,98.80,13.20,133055,0.23,0.05
5/25/2020,9983,-8.83%,19636.7,98.80,13.20,133055,0.23,0.05
6/1/2020,9990,-8.83%,19636.7,97.83,11.00,137620,0.72,0.08
6/8/2020,9997,-8.83%,19636.7,97.83,11.00,137620,0.72,0.08
6/15/2020,10004,-8.83%,19636.7,97.83,11.00,137620,0.72,0.08
6/22/2020,10011,-8.83%,19636.7,97.83,11.00,137620,0.72,0.08
6/29/2020,10018,-8.83%,19636.7,97.83,11.00,137620,0.72,0.08
7/6/2020,10025,8.79%,21362.4,97.20,10.20,139064,1.01,0.09
7/13/2020,10032,8.79%,21362.4,97.20,10.20,139064,1.01,0.09
7/20/2020,10039,8.79%,21362.4,97.20,10.20,139064,1.01,0.09
7/27/2020,10046,8.79%,21362.4,97.20,10.20,139064,1.01,0.09
8/3/2020,10053,8.79%,21362.4,93.50,8.40,140799,1.31,0.10
8/10/2020,10060,8.79%,21362.4,93.50,8.40,140799,1.31,0.10
8/17/2020,10067,8.79%,21362.4,93.50,8.40,140799,1.31,0.10
8/24/2020,10074,8.79%,21362.4,93.50,8.40,140799,1.31,0.10
8/31/2020,10081,8.79%,21362.4,93.50,8.40,140799,1.31,0.10
9/7/2020,10088,8.79%,21362.4,92.34,7.90,141760,1.37,0.09
9/14/2020,10095,8.79%,21362.4,92.34,7.90,141760,1.37,0.09
9/21/2020,10102,8.79%,21362.4,92.34,7.90,141760,1.37,0.09
9/28/2020,10109,8.79%,21362.4,92.34,7.90,141760,1.37,0.09
10/5/2020,10116,1.60%,21704.7,93.71,6.90,142479,1.18,0.09
10/12/2020,10123,1.60%,21704.7,93.71,6.90,142479,1.18,0.09
10/19/2020,10130,1.60%,21704.7,93.71,6.90,142479,1.18,0.09
10/26/2020,10137,1.60%,21704.7,93.71,6.90,142479,1.18,0.09
11/2/2020,10144,1.60%,21704.7,94.05,6.70,142743,1.17,0.09
11/9/2020,10151,1.60%,21704.7,94.05,6.70,142743,1.17,0.09
11/16/2020,10158,1.60%,21704.7,94.05,6.70,142743,1.17,0.09
11/23/2020,10165,1.60%,21704.7,94.05,6.70,142743,1.17,0.09
11/30/2020,10172,1.60%,21704.7,94.05,6.70,142743,1.17,0.09
12/7/2020,10179,1.60%,21704.7,91.31,6.70,142475,1.32,0.09
12/14/2020,10186,1.60%,21704.7,91.31,6.70,142475,1.32,0.09
12/21/2020,10193,1.60%,21704.7,91.31,6.70,142475,1.32,0.09
12/28/2020,10200,1.60%,21704.7,91.31,6.70,142475,1.32,0.09
1/4/2021,10207,2.81%,22313.9,89.88,6.30,142969,1.39,0.09
1/11/2021,10214,2.81%,22313.9,89.88,6.30,142969,1.39,0.09
1/18/2021,10221,2.81%,22313.9,89.88,6.30,142969,1.39,0.09
1/25/2021,10228,2.81%,22313.9,89.88,6.30,142969,1.39,0.09
2/1/2021,10235,2.81%,22313.9,91.02,6.20,143544,1.69,0.08
2/8/2021,10242,2.81%,22313.9,91.02,6.20,143544,1.69,0.08
2/15/2021,10249,2.81%,22313.9,91.02,6.20,143544,1.69,0.08
2/22/2021,10256,2.81%,22313.9,91.02,6.20,143544,1.69,0.08
3/1/2021,10263,2.81%,22313.9,91.04,6.10,144328,2.63,0.07
3/8/2021,10270,2.81%,22313.9,91.04,6.10,144328,2.63,0.07
3/15/2021,10277,2.81%,22313.9,91.04,6.10,144328,2.63,0.07
3/22/2021,10284,2.81%,22313.9,91.04,6.10,144328,2.63,0.07
3/29/2021,10291,2.81%,22313.9,91.04,6.10,144328,2.63,0.07
4/5/2021,10298,3.28%,23046.9,92.93,6.10,144614,4.13,0.07
4/12/2021,10305,3.28%,23046.9,92.93,6.10,144614,4.13,0.07
4/19/2021,10312,3.28%,23046.9,92.93,6.10,144614,4.13,0.07
4/26/2021,10319,3.28%,23046.9,92.93,6.10,144614,4.13,0.07
5/3/2021,10326,3.28%,23046.9,90.95,5.80,145096,4.92,0.06
5/10/2021,10333,3.28%,23046.9,90.95,5.80,145096,4.92,0.06
5/17/2021,10340,3.28%,23046.9,90.95,5.80,145096,4.92,0.06
5/24/2021,10347,3.28%,23046.9,90.95,5.80,145096,4.92,0.06
5/31/2021,10354,3.28%,23046.9,90.95,5.80,145096,4.92,0.06
6/7/2021,10361,3.28%,23046.9,89.83,5.90,145789,5.28,0.08
6/14/2021,10368,3.28%,23046.9,89.83,5.90,145789,5.28,0.08
6/21/2021,10375,3.28%,23046.9,89.83,5.90,145789,5.28,0.08
6/28/2021,10382,3.28%,23046.9,89.83,5.90,145789,5.28,0.08
7/5/2021,10389,2.18%,23550.4,92.60,5.40,146558,5.22,0.10
7/12/2021,10396,2.18%,23550.4,92.60,5.40,146558,5.22,0.10
7/19/2021,10403,2.18%,23550.4,92.60,5.40,146558,5.22,0.10
7/26/2021,10410,2.18%,23550.4,92.60,5.40,146558,5.22,0.10
8/2/2021,10417,2.18%,23550.4,92.05,5.20,147221,5.19,0.09
8/9/2021,10424,2.18%,23550.4,92.05,5.20,147221,5.19,0.09
8/16/2021,10431,2.18%,23550.4,92.05,5.20,147221,5.19,0.09
8/23/2021,10438,2.18%,23550.4,92.05,5.20,147221,5.19,0.09
8/30/2021,10445,2.18%,23550.4,92.05,5.20,147221,5.19,0.09
9/6/2021,10452,2.18%,23550.4,92.45,4.80,147778,5.38,0.08
9/13/2021,10459,2.18%,23550.4,92.45,4.80,147778,5.38,0.08
9/20/2021,10466,2.18%,23550.4,92.45,4.80,147778,5.38,0.08
9/27/2021,10473,2.18%,23550.4,92.45,4.80,147778,5.38,0.08
10/4/2021,10480,3.39%,24349.1,94.04,4.50,148559,6.24,0.08
10/11/2021,10487,3.39%,24349.1,94.04,4.50,148559,6.24,0.08
10/18/2021,10494,3.39%,24349.1,94.04,4.50,148559,6.24,0.08
10/25/2021,10501,3.39%,24349.1,94.04,4.50,148559,6.24,0.08
11/1/2021,10508,3.39%,24349.1,93.88,4.20,149173,6.86,0.08
11/8/2021,10515,3.39%,24349.1,93.88,4.20,149173,6.86,0.08
11/15/2021,10522,3.39%,24349.1,93.88,4.20,149173,6.86,0.08
11/22/2021,10529,3.39%,24349.1,93.88,4.20,149173,6.86,0.08
11/29/2021,10536,3.39%,24349.1,93.88,4.20,149173,6.86,0.08
12/6/2021,10543,3.39%,24349.1,96.05,3.90,149742,7.19,0.08
12/13/2021,10550,3.39%,24349.1,96.05,3.90,149742,7.19,0.08
12/20/2021,10557,3.39%,24349.1,96.05,3.90,149742,7.19,0.08
12/27/2021,10564,3.39%,24349.1,96.05,3.90,149742,7.19,0.08
1/3/2022,10571,1.61%,24740.5,96.24,4.00,150106,7.60,0.08
1/10/2022,10578,1.61%,24740.5,96.24,4.00,150106,7.60,0.08
1/17/2022,10585,1.61%,24740.5,96.24,4.00,150106,7.60,0.08
1/24/2022,10592,1.61%,24740.5,96.24,4.00,150106,7.60,0.08
1/31/2022,10599,1.61%,24740.5,96.24,4.00,150106,7.60,0.08
2/7/2022,10606,1.61%,24740.5,96.39,3.80,151010,7.95,0.08
2/14/2022,10613,1.61%,24740.5,96.39,3.80,151010,7.95,0.08
2/21/2022,10620,1.61%,24740.5,96.39,3.80,151010,7.95,0.08
2/28/2022,10627,1.61%,24740.5,96.39,3.80,151010,7.95,0.08
3/7/2022,10634,1.61%,24740.5,97.41,3.60,151424,8.52,0.20
3/14/2022,10641,1.61%,24740.5,97.41,3.60,151424,8.52,0.20
3/21/2022,10648,1.61%,24740.5,97.41,3.60,151424,8.52,0.20
3/28/2022,10655,1.61%,24740.5,97.41,3.60,151424,8.52,0.20
4/4/2022,10662,2.05%,25248.5,98.63,3.60,151678,8.23,0.33
4/11/2022,10669,2.05%,25248.5,98.63,3.60,151678,8.23,0.33
4/18/2022,10676,2.05%,25248.5,98.63,3.60,151678,8.23,0.33
4/25/2022,10683,2.05%,25248.5,98.63,3.60,151678,8.23,0.33
5/2/2022,10690,2.05%,25248.5,103.74,3.60,152042,8.50,0.77
5/9/2022,10697,2.05%,25248.5,103.74,3.60,152042,8.50,0.77
5/16/2022,10704,2.05%,25248.5,103.74,3.60,152042,8.50,0.77
5/23/2022,10711,2.05%,25248.5,103.74,3.60,152042,8.50,0.77
5/30/2022,10718,2.05%,25248.5,103.74,3.60,152042,8.50,0.77
6/6/2022,10725,2.05%,25248.5,102.55,3.60,152412,8.93,1.21
6/13/2022,10732,2.05%,25248.5,102.55,3.60,152412,8.93,1.21
6/20/2022,10739,2.05%,25248.5,102.55,3.60,152412,8.93,1.21
6/27/2022,10746,2.05%,25248.5,102.55,3.60,152412,8.93,1.21
7/4/2022,10753,1.88%,25723.9,105.14,3.50,152980,8.41,1.68
7/11/2022,10760,1.88%,25723.9,105.14,3.50,152980,8.41,1.68
7/18/2022,10767,1.88%,25723.9,105.14,3.50,152980,8.41,1.68
7/25/2022,10774,1.88%,25723.9,105.14,3.50,152980,8.41,1.68
8/1/2022,10781,1.88%,25723.9,105.45,3.70,153332,8.23,2.33
8/8/2022,10788,1.88%,25723.9,105.45,3.70,153332,8.23,2.33
8/15/2022,10795,1.88%,25723.9,105.45,3.70,153332,8.23,2.33
8/22/2022,10802,1.88%,25723.9,105.45,3.70,153332,8.23,2.33
8/29/2022,10809,1.88%,25723.9,105.45,3.70,153332,8.23,2.33
9/5/2022,10816,1.88%,25723.9,109.69,3.50,153682,8.21,2.56
9/12/2022,10823,1.88%,25723.9,109.69,3.50,153682,8.21,2.56
9/19/2022,10830,1.88%,25723.9,109.69,3.50,153682,8.21,2.56
9/26/2022,10837,1.88%,25723.9,109.69,3.50,153682,8.21,2.56
10/3/2022,10844,1.64%,26145,111.75,3.70,154006,7.76,3.08
10/10/2022,10851,1.64%,26145,111.75,3.70,154006,7.76,3.08
10/17/2022,10858,1.64%,26145,111.75,3.70,154006,7.76,3.08
10/24/2022,10865,1.64%,26145,111.75,3.70,154006,7.76,3.08
10/31/2022,10872,1.64%,26145,111.75,3.70,154006,7.76,3.08
11/7/2022,10879,1.64%,26145,111.48,3.60,154296,7.14,3.78
11/14/2022,10886,1.64%,26145,111.48,3.60,154296,7.14,3.78
11/21/2022,10893,1.64%,26145,111.48,3.60,154296,7.14,3.78
11/28/2022,10900,1.64%,26145,111.48,3.60,154296,7.14,3.78
12/5/2022,10907,1.64%,26145,104.73,3.50,154556,6.44,4.10
12/12/2022,10914,1.64%,26145,104.73,3.50,154556,6.44,4.10
12/19/2022,10921,1.64%,26145,104.73,3.50,154556,6.44,4.10
12/26/2022,10928,1.64%,26145,104.73,3.50,154556,6.44,4.10
